feature,value,importance
0,patient,1.0795800206519506E-4
1,blood,-1.9656819740488784E-4
2,left,0.001380911573067522
3,histori,0.0056120930267735646
4,medic,-0.006452211519176691
5,right,-7.576723189599696E-5
6,pain,-0.0021476137184368057
7,pm,-0.0018711645246400586
8,pt,-8.794089078175051E-5
9,follow,-0.0048731917612083505
10,normal,-0.0038876918713227617
11,neg,-0.0023264249302029504
12,ct,0.0026251613984471446
13,continu,0.0017670765334386305
14,hospit,-4.5927731596862254E-4
15,hour,0.0022202164986521843
16,chest,-0.001253777511607638
17,present,0.0016912311560168623
18,pleas,-5.31462847856488E-4
19,week,-0.004980197654246491
20,start,0.0022706794793956805
21,dr,0.003787557991912154
22,unit,-1.3196743000862358E-4
23,well,-5.81369075828835E-4
24,refil,-0.00495481285308574
25,home,-0.0064313625459493364
26,capsul,0.0025135604031109133
27,need,-0.0016009712849181868
28,disp,-0.006075291861206765
29,statu,-4.856531542338878E-4
30,arteri,-6.746767245375287E-5
31,also,0.005516284578483138
32,time,-0.0018743131516779793
33,stabl,0.0031587156246982873
34,everi,0.007956213854481425
35,note,-0.0030360627287436266
36,given,0.0019795424294083604
37,cours,0.005871009050469867
38,transfer,-0.005660093317828761
39,care,-0.005708879555516642
40,releas,0.002078287252658843
41,diseas,0.007690719508389057
42,dai,-9.584229761096287E-4
43,bilater,0.00641406994128067
44,seen,3.2339915990278604E-4
45,chang,0.0012510089365167583
46,hct,-6.429488903003877E-4
47,instruct,-0.007360805395207537
48,showe,8.313188273355175E-4
49,valv,6.001087085882961E-4
50,aortic,0.0024627260934372034
51,prior,0.003085395895799236
52,wbc,0.006447491270132189
53,take,0.006392110853740625
54,post,-0.00555317724990207
55,increas,0.005620656613751022
56,year,-0.006209482462062983
57,glucos,-0.003649664514531541
58,past,-0.006214045364134981
59,acut,-0.006664365842581886
60,per,0.001000792279157969
61,call,0.004022536375278406
62,cardiac,-0.0033471677079585137
63,mild,-0.0012999161213648116
64,inr,9.065981589969083E-4
65,exam,-0.0013455858725156965
66,pressur,-4.818826839621321E-4
67,place,0.004164190167114418
68,heart,-0.0025092626651522687
69,pulmonari,0.003204884049975379
70,hr,-0.0010447684864279985
71,plt,1.4867808940759064E-4
72,physic,0.004609677702589343
73,without,-0.0010458702350440194
74,like,1.6498565430852127E-4
75,improv,-0.0012563717593539736
76,clear,-0.004683849162807967
77,lung,-0.008261543015596102
78,bid,0.005726555316008881
79,sever,0.009202982572645877
80,ventricular,-1.6298005495798916E-4
81,initi,-0.00513600804600835
82,hi,0.005972877313327614
83,edema,0.0016834282064936128
84,iv,0.002784859297620182
85,dose,-0.002226266369430256
86,rbc,0.0010431623585271934
87,fluid,1.2731973462793184E-4
88,procedur,-0.006637556355275526
89,remain,-4.826324573201547E-5
90,surgeri,0.002093303425191805
91,thi,0.0029839927798759533
92,admit,0.006453899681152604
93,delai,-0.0029083562230584796
94,extrem,0.005995664687764324
95,urin,-0.0019781662953284847
96,hgb,0.0031573004733401926
97,report,-0.0022964451971098612
98,famili,-0.012899044526244298
99,condit,-7.485518641250161E-4
100,cultur,-4.559074019444075E-4
101,surgic,-0.008041839708692515
102,tube,0.0021966801092375564
103,deni,0.004104558877138994
104,hypertens,0.008166822130154343
105,result,-0.014832788193889586
106,evid,-0.005167427245224813
107,fever,-0.0015532682946591964
108,due,0.002153006788801728
109,effus,4.5762661275699595E-4
110,us,-0.002707079815615261
111,mcv,7.902050535229773E-4
112,creat,-1.065814698358698E-4
113,breath,0.005445941061809983
114,rdw,7.638858549738358E-4
115,small,0.004028184413164057
116,appoint,0.003377968308412697
117,mch,0.0012454665215506304
118,renal,-0.0011802147101712232
119,mchc,0.0014374148325076524
120,appear,8.234652551060832E-4
121,prn,0.003512354455059247
122,lower,0.001910806908067812
123,coronari,0.0016354065125961865
124,chronic,0.006866401814047003
125,mitral,-0.0013655179095583242
126,diagnosi,0.00634087812276805
127,evalu,0.00995249305826515
128,non,4.197306153826588E-4
129,cm,-7.99051070118293E-4
130,na,-0.002278913484054949
131,complet,0.005500938193541396
132,systol,9.342646626086588E-4
133,aspirin,0.013927831504873273
134,recent,0.004200204098531429
135,requir,0.017036434147582793
136,sodium,-0.0022423570112888648
137,soft,-0.014606461764140318
138,rate,-0.006549889458170904
139,ill,-0.02797973532571143
140,moder,0.0085641872760835
141,elev,-0.0033037359902402816
142,head,0.0012131563999780851
143,found,-0.010283468866035643
144,receiv,0.006529356600641043
145,abdomin,0.0024562787194622807
146,intact,-0.0024291863455259757
147,cl,7.381660511103637E-4
148,failur,0.002721713550807639
149,atrial,0.00400578071308783
150,level,-0.011833776029363198
151,social,-0.014517275766895023
152,studi,-0.0018157900786223366
153,clinic,0.00854277040977196
154,mai,-0.0059442112321588065
155,infect,-1.1644885724963626E-4
156,posit,-0.003191941083503899
157,floor,-0.003923726062836058
158,calcium,0.012062764821886842
159,wall,0.0012607977336185807
160,old,-0.013290771326566829
161,bowel,-0.00544638120286665
162,concern,0.002807001274185128
163,abdomen,8.32197302689331E-4
164,complaint,0.014058700663189639
165,secondari,0.0010027776124599181
166,urean,3.1138802293301373E-4
167,bp,-0.0034563927674272055
168,hco,-8.431935623801292E-4
169,low,0.009316216886472845
170,ed,0.00621363152358449
171,neck,-0.01492520318821153
172,followup,0.009801452709669431
173,reveal,-0.003381597469780867
174,function,-0.005399059419062772
175,ck,0.001745191775426602
176,recommend,-1.0218536018348147E-4
177,treat,0.010201596235328752
178,size,-9.010445067484013E-4
179,mcg,0.008654029413250377
180,fractur,0.002607010970983311
181,howev,0.0017502400306764478
182,intub,0.0048746458818853325
183,remov,-0.010167598273021232
184,drug,-0.018621376918715203
185,within,-0.010043868720344885
186,decreas,0.010496706714885076
187,discharg,-0.006015457172741513
188,insulin,0.004738656149073264
189,consult,0.007453767110284023
190,short,0.0034060146556722324
191,respiratori,0.007661272885635313
192,activ,-0.011875709286243095
193,stenosi,-0.005931093711400416
194,primari,-0.010589204998544901
195,angap,-6.644650594134896E-4
196,attend,0.014028141600447101
197,new,-0.008385193951712938
198,lab,-0.004453129278163658
199,back,-0.0010341212771441935
200,pneumonia,0.008279117420504902
201,control,-0.013890902745451681
202,coumadin,8.714029824904954E-5
203,impress,0.009474346513615988
204,twice,0.0043690592670404425
205,ne,0.001591319458689154
206,disposit,0.0015226789018760215
207,major,-0.006079861319791007
208,mass,0.006691165981978821
209,invas,0.0094462841118254
210,mm,0.0017103609784232202
211,metoprolol,0.007162227497285949
212,oper,-6.229221145509983E-4
213,tid,0.010289160050138307
214,regurgit,0.006839233208619321
215,regular,-0.01396017893669375
216,brief,0.025006990972477276
217,gener,-8.557748583759732E-4
218,examin,-2.7983008848638977E-5
219,mental,0.0037021847153782253
220,good,-0.014106985365388297
221,mildli,-4.917622343365016E-4
222,last,0.012107669145511826
223,postop,-0.001747056496816185
224,toler,0.002836204289651486
225,chief,0.018971671431424725
226,facil,0.016976739833512156
227,known,-0.013360734492200196
228,ptt,0.013072573335456883
229,total,-0.011650835826676408
230,perform,0.0027070359361758087
231,signific,0.011088638044127836
232,pertin,-0.0028039678350216804
233,upper,-2.786804027228827E-4
234,pleural,-0.0020623776282759887
235,symptom,-0.00525965394646811
236,lasix,0.011509331461831513
237,heparin,-4.7605875587621656E-4
238,monitor,5.816931446595227E-4
239,alert,-0.003951784371999026
240,find,-0.001085781322612397
241,count,-0.0010318840664247557
242,multipl,0.01727398377825346
243,mr,-0.002388377197505563
244,cxr,1.7785513877941093E-4
245,rhythm,-0.01220782596824063
246,work,-0.013747046209719447
247,line,0.003448649043571082
248,leaflet,3.8746753785663717E-4
249,final,-3.0183267258797856E-4
250,outpati,-0.009696531061086915
251,develop,0.005302924634888263
252,sign,0.006714263210194521
253,incis,-0.004860192090537156
254,puls,-0.004549724364624117
255,antibiot,-0.004421073034792125
256,includ,-0.010484796245472354
257,md,0.019130097713256286
258,diabet,0.011356713239840426
259,sinu,-0.008115381227372627
260,bleed,-0.001959259928454266
261,month,-0.01277749490109279
262,room,0.012001483714800629
263,lesion,0.010190904861542796
264,dilat,0.007103335383802661
265,consist,0.00411557376656925
266,therapi,0.012063255579120158
267,stent,0.0011865984399302362
268,extend,0.01430541743009704
269,mouth,0.0020538484846035787
270,baselin,0.002790911234523697
271,cell,0.0030179869674209444
272,side,-0.016525784937181202
273,base,0.00884254581367063
274,sinc,-0.010893128187504373
275,set,-0.004711523739566046
276,icu,0.00461151019837499
277,live,-0.0037518932868621296
278,episod,-7.082596787014544E-4
279,underw,-9.997211924068544E-4
280,contrast,0.007554247283550477
281,imag,0.001436131464137954
282,heent,-0.018890361416848318
283,inhal,0.0036969470095936778
284,possibl,0.00214482032036662
285,none,-0.007505771822277273
286,throughout,-0.005995808468559572
287,placem,0.004674277343416378
288,provid,0.0015867496636892129
289,lobe,-0.006494844831800593
290,nausea,-0.006210803126669772
291,liver,0.010227553775905323
292,hypotens,0.003335135043816237
293,wound,-0.00362007490819978
294,hemorrhag,-0.001804136099710622
295,tender,0.0014629986860448991
296,potassium,-0.013109040479745641
297,alcohol,0.005467209651308977
298,pho,0.005798149490327795
299,felt,-3.261945500020661E-4
300,graft,-0.00802552238654043
301,manag,-0.01035737396802256
302,repeat,-0.00196106550252021
303,free,-0.003734663560517953
304,larg,0.00807495749947569
305,thicken,0.0022853122066668215
306,fibril,0.004848411152920484
307,stop,-0.002012693104027096
308,test,-0.01049505657152012
309,vomit,-6.347854000379403E-4
310,see,3.397495175239337E-4
311,vancomycin,-0.005353265049442111
312,vein,9.107374236992902E-4
313,diet,-0.008417432958496899
314,aorta,2.0943369101561953E-6
315,abd,0.010168016932591959
316,htn,0.011572619072467023
317,later,-0.004235432080637531
318,air,0.0019471216411164746
319,typ,-0.0020647127955065263
320,seizur,-0.0024185974535442197
321,neuro,-0.008188151511786281
322,qd,-1.5237323838724874E-4
323,vital,-0.005772899265169469
324,depress,0.0067084610708434324
325,discontinu,-0.011552896097824786
326,return,0.02342864086040154
327,stool,9.019793696109005E-4
328,area,-0.00643121857041025
329,sound,0.00981861477983963
330,pcp,-0.009905636469834259
331,orient,-0.002127032542723208
332,ago,-0.0032069003165386563
333,hematocrit,0.00696553007813758
334,solut,0.008598222367135734
335,ra,0.009115834768294586
336,check,0.00488867057343375
337,current,0.009577503955403792
338,tablet,0.005599839792414473
339,abnorm,-0.012773494866318704
340,dry,-0.009144600811014392
341,anterior,-0.002442145458556673
342,lisinopril,0.005434817187156487
343,lad,-0.0011791404680820353
344,resolv,-0.01865492733882354
345,phone,0.00484242432619016
346,carotid,-0.0035347994834473593
347,sat,0.00598127451041496
348,schedul,-0.0032189390453705377
349,full,0.021664949805465388
350,skin,-0.010704570626006748
351,chlorid,-0.008769589784958499
352,v,0.0033066885043739856
353,mb,0.006025838173798075
354,creatinin,-1.1702715638109088E-5
355,ast,-0.002116549156266519
356,constip,-0.0010138962156753565
357,alt,8.267226000286753E-4
358,infarct,-0.012266989122956111
359,extub,-3.7687247960035703E-4
360,limit,0.007699388550542875
361,demonstr,0.0029129284020192135
362,complic,-0.0028155561440225537
363,lymph,0.004177602719702878
364,cough,0.001981381024518299
365,high,-0.005155983534116192
366,rehab,0.01850492076385687
367,weight,0.0024407922787872635
368,gi,0.003811543309200125
369,ble,-0.006218770368808551
370,gram,2.982554231104924E-5
371,scan,0.011124505629669114
372,wheez,6.044051702619112E-5
373,etoh,0.005227063738125903
374,emerg,0.010161618859123997
375,anemia,0.006580151086661464
376,drainag,-0.001122862293903666
377,cad,0.006334037135690558
378,suggest,0.006927838571883653
379,echo,0.01585941517201095
380,murmur,-0.002416977450548038
381,cathet,0.005866382407457012
382,obtain,-8.813108109913602E-4
383,acetaminophen,-0.01669901561810845
384,offic,-0.008995571319994943
385,cancer,0.014362406768688808
386,sustain,0.014578126649168865
387,oral,-0.013147003291208003
388,restart,-0.010105062086687615
389,worsen,0.004488694988954997
390,abl,-0.0014124806981797222
391,pericardi,0.001682127090981327
392,bypass,-0.001879596796229864
393,question,0.012094819550478942
394,oxygen,0.004807631818802612
395,held,-0.01218289021565438
396,rr,-0.0031397360730015303
397,treatment,-0.007829098144947774
398,taken,-0.027485620263270862
399,catheter,-0.004924362661775729
400,ext,0.0037228124327249854
401,morn,0.00418567560886662
402,done,0.013803907341846288
403,white,-0.00349507234889272
404,site,5.44983275151106E-4
405,wean,0.0031129537971777126
406,distal,-0.002466554390141289
407,atrium,0.009586462505594008
408,drop,7.662095825585593E-4
409,leg,0.012960565104025901
410,neurolog,0.006711874167808785
411,unchang,0.008466421195574753
412,red,0.004822995969804601
413,made,-0.021873054604309133
414,ulcer,-0.004524453472278631
415,distress,0.003979895690469343
416,ventricl,0.004268320848904523
417,caus,0.015193166022795915
418,stai,7.644456576796921E-4
419,addit,0.02335183182610698
420,albuterol,0.016811412526845062
421,hematoma,0.003347111092422061
422,doctor,-0.005484459661429073
423,weak,-0.014968547710042388
424,record,0.00618558415390852
425,micu,0.01090992709353786
426,diffus,0.0017834735470824165
427,docus,-0.0034617379875119246
428,state,-0.0025792838641812924
429,obstruct,0.00966604798212729
430,region,-0.019739271895935856
431,mri,0.007936615752411348
432,smoke,-0.009666854626485867
433,suppl,-0.022453066632276125
434,aspir,-0.006586609729528903
435,previou,-0.00339790779349872
436,movem,-0.004026786666313501
437,ekg,8.239321753930137E-4
438,upon,0.014053063752370157
439,diarrhea,0.0038037070311077088
440,osh,-0.013170090558883893
441,pod,-0.00390823211717809
442,motion,0.004471179158387599
443,drip,0.005836350280605325
444,ag,0.013142681430328155
445,subsequ,0.011629257182193976
446,male,-0.008489567161597806
447,mid,-0.008900119960032756
448,warm,-0.016522013997985845
449,intraven,0.014438665019033676
450,hd,0.008402065572662628
451,ctropnt,0.010666171702157917
452,discuss,-0.02106847866146058
453,femor,0.011677755334424824
454,kidnei,-0.008712575930308348
455,ey,0.0024001481371474153
456,drain,-0.0028631343326138725
457,review,0.011607172204133057
458,strength,0.012987672382464148
459,greater,-0.00472116409302939
460,thought,0.011591449426414524
461,physician,-0.017784007519335412
462,vessel,0.0026178619347188366
463,focal,-0.006730186099162995
464,scale,0.005666100573545605
465,arriv,0.0052774481972420965
466,maintain,-0.015887504193127826
467,ph,-0.0044219353251103875
468,chill,-0.009668879067182626
469,depart,-0.004774329158540872
470,cv,0.0041996695297494765
471,diagnos,0.002209966704376626
472,cta,-0.020968321834322623
473,op,-0.0029387330966373377
474,intens,-0.005880587687779717
475,chf,0.0016967789569592583
476,cath,-0.011747232833877155
477,vascular,-0.005968080202234017
478,caviti,0.01826889217361565
479,lactat,-2.0242116695935757E-4
480,posterior,0.003356088361019383
481,prednison,0.01279322180470501
482,otherwis,7.77901412624573E-4
483,system,-0.024944090461033266
484,approxim,5.524495384975526E-4
485,plan,-0.004084185047176604
486,hemodynam,-0.008189531906748789
487,st,0.0011242614832502628
488,hepat,0.01481253188875576
489,prescrib,0.011827277287718447
490,tab,2.1893255464691978E-4
491,vitamin,0.0060214260170175235
492,regimen,0.02147236852945824
493,headach,0.011726387546853312
494,rrr,0.029896389512096895
495,make,0.010374190084818836
496,sent,-0.010926196908789335
497,tobacco,-0.019194354046425145
498,congest,0.0011538526246369317
499,cc,0.01966963613993022
500,inject,-0.004338073736421672
501,issu,0.004432450404480411
502,direct,0.006501598949413558
503,ambul,0.011976877123975362
504,relat,-0.005137221818150666
505,drink,-0.017646382310885108
506,mono,-0.014918620409865722
507,afebril,-0.016245227305730053
508,co,-0.0038879364237122214
509,asa,-0.024218638970469396
510,transfus,0.0010732618880972622
511,difficulti,0.011551732522962902
512,spine,-0.0015370377568787383
513,minim,0.011744155025551501
514,next,0.0038270205129517262
515,h,0.01793458251503362
516,appropri,0.03716855379337115
517,dictat,0.0066884185222729105
518,feel,0.0034091573016592053
519,patch,9.444504215271893E-4
520,atelectasi,0.0020842039859047612
521,replac,0.0018489749767248123
522,nad,0.004206066595506567
523,ii,-0.001760971520289794
524,persist,-0.011421963743135978
525,subcutan,-0.00836906358044921
526,loss,-0.03722713445430079
527,oxycodon,-0.019183178581079686
528,slide,0.00832966800280769
529,volum,-0.005204858304617766
530,cpk,-0.008810216862960144
531,descend,2.124344399857288E-4
532,dm,-0.013168173644786918
533,close,0.014010006830353626
534,eo,-0.0016020938280429913
535,assess,0.012530932335425952
536,night,0.02209055705713132
537,bed,0.005162745564214935
538,amiodaron,0.013039271619696684
539,onc,-0.0020428080224236347
540,chewabl,0.012978721173813967
541,tissu,-0.0016888045960109248
542,trace,-0.003006225959320411
543,repair,-3.0074123007692495E-4
544,femal,-0.031448983545900984
545,yo,-0.031038672860195772
546,folei,0.009270166404984835
547,symmetr,-0.017274189606405237
548,get,-0.010192868131732811
549,levofloxacin,-0.0047975868557883486
550,copd,0.009954045297741595
551,nurs,-0.008697689029095275
552,compar,-0.001250292007508042
553,neut,-0.021409910175641172
554,fall,0.004776604867699263
555,ef,0.019055394304608928
556,baso,-0.012806754139758953
557,amount,0.018131281362396164
558,tachycardia,-0.0028188755278986473
559,indic,0.02261170665235722
560,go,-0.014792305054780732
561,arm,-0.01146541109538341
562,rai,-0.013370303938790034
563,assist,0.021001605076780363
564,measur,-0.015779264618942697
565,m,-0.0014405609675608266
566,gen,-0.020305549088745496
567,unabl,0.00901490882837141
568,plavix,0.013926816211900683
569,first,-0.00949899623289148
570,associ,0.01506709499152182
571,although,-0.01653343201373019
572,contact,-0.007242149186704761
573,colon,-0.007736762481709913
574,stroke,0.007229482941838277
575,proxim,-5.310556383795087E-5
576,puff,0.0058859007767713654
577,interv,0.007176776819861225
578,lvef,0.003595662614309221
579,progress,-0.02782967489656834
580,dyspnea,0.022939608262285582
581,doppler,-0.005871083627264649
582,sulfat,0.017779506217504862
583,goal,0.008997680362232873
584,mi,0.019832889366103074
585,totbili,0.0028757854505460957
586,acid,0.007622410197007356
587,identifi,0.007769909401258413
588,brain,-0.012776703216889066
589,injuri,-0.005526565656528289
590,sob,-0.010809521361401496
591,cabg,-0.007257049927244054
592,alkpho,0.00275413057070584
593,minut,-0.04766234721194508
594,perfus,-0.014653261405301387
595,midlin,-0.016389693686342223
596,sedat,-0.0013629168271289047
597,extens,0.020945682712463717
598,opac,-0.007805171385354443
599,pack,0.012829124401061159
600,repres,0.005425138884388618
601,sbp,0.01769765286295675
602,intern,-0.032934698024568124
603,sourc,-0.003325088691111149
604,poor,0.0014134506222488676
605,dp,0.02348730660503665
606,distend,0.012858507410079606
607,bruit,-0.017792881082311626
608,rash,-0.0018968771127975184
609,effect,-0.004694688558012741
610,structur,-0.0181823442833379
611,abov,6.557556517611191E-4
612,flow,-0.0024200846280580048
613,quit,-0.0016323893786760228
614,laboratori,-0.006025149279095453
615,mother,0.029151748803948916
616,ultrasound,-0.011714757811958429
617,unremark,0.010525209909084907
618,slightli,0.030002681886790283
619,visual,0.02096093528525478
620,wife,0.018891906124920078
621,temperatur,0.0022825151785751223
622,confus,-7.894229811592765E-4
623,swell,-0.019056043146346933
624,biopsi,0.003265560476521123
625,open,0.008357918328930647
626,color,0.0065470828182847786
627,hcl,0.016790008598779164
628,b,-0.002509738844803598
629,risk,-0.011906722762135828
630,less,-0.018674217864705637
631,eomi,0.0029133020034544997
632,number,-0.008968255027379614
633,light,-4.7069406915289133E-4
634,gap,0.006974800711606487
635,tartrat,0.03487855242625547
636,picc,0.006732738577955567
637,pend,-0.0072692535460107035
638,swallow,0.007383758215772889
639,warfarin,-3.9848035675600754E-4
640,rest,-0.01148428542406216
641,inferior,-0.016263665711848486
642,anicter,-0.02564177276631211
643,move,0.01325831028779614
644,abus,0.009808087786625471
645,venou,-0.014778285242892555
646,output,-0.0026981501348601975
647,infecti,0.007023839705902967
648,intervent,0.0022677167930435773
649,aneurysm,0.01190895231033814
650,show,0.01086043019491859
651,thorac,-0.0014712568476971904
652,growth,-1.7826459001585578E-4
653,wave,-0.014738130179277569
654,urinari,-0.01540611006224095
655,process,-0.016069677736955907
656,platelet,-0.004222713197561667
657,satur,0.007079670716388611
658,frontal,-0.009548680712345154
659,pneumothorax,-0.006949144115798208
660,pupil,-0.007610510088014308
661,even,-0.013134583487306527
662,pelvi,-0.013876898612560511
663,peripher,0.002558684291882669
664,etiologi,0.009618788174498807
665,qh,0.009644552099080796
666,job,0.003603258717109555
667,bodi,-0.006532978066865757
668,hyperlipidemia,-0.024190678352708463
669,hold,0.012426752508060943
670,help,0.012428664223996546
671,iron,-0.009922758922199307
672,senna,-0.0035352599488488574
673,urea,-0.009196587223348896
674,nc,-0.015063552412980147
675,code,0.0346127641820184
676,rub,0.009188780042383276
677,pancreat,-0.0065745524973625825
678,beta,-0.01864220707626589
679,involv,0.012431421245654625
680,keep,0.006671685576597985
681,sputum,0.009041385682956008
682,respons,-0.0013655010126685887
683,becam,-0.034094126193289935
684,thick,0.0018750813232776278
685,steroid,-0.004605709004328243
686,knee,-0.018558181997937056
687,still,0.009246877247166685
688,previous,0.006074268532810819
689,conscious,-0.03530534924492146
690,furosemid,0.022320272452310278
691,drive,-0.0010090836197300362
692,daughter,-0.01249162678693074
693,obes,0.012418924440700418
694,magnesium,0.0031408209041040116
695,reason,0.002241370487199497
696,flagyl,0.003736697322958982
697,rapid,0.00966020632293451
698,anion,-0.0016464292985613077
699,pantoprazol,0.03267781778340509
700,cardiologi,0.026603385932630227
701,nd,0.012485918789223475
702,nt,0.012528628668795005
703,transit,0.028743112754567528
704,tylenol,-0.016855740934641508
705,anxieti,0.004160520769439076
706,medquist,0.006343826446900511
707,atorvastatin,0.014359158424538564
708,team,0.0027114695295536837
709,gtt,5.233148049733032E-5
710,neurologi,-0.009222336012338647
711,locat,0.014392673606637459
712,lift,0.0169374437852466
713,cervic,-0.012484339599996844
714,speech,0.0036249635190317947
715,qid,-0.0034257833083115017
716,erythema,-0.021758876697357127
717,occasion,-0.004310669338546477
718,father,0.025920906301010016
719,comfort,-0.03661057796119534
720,sensat,-0.002311961185235006
721,albumin,-0.002120488281850941
722,transplant,0.009986807234760364
723,med,-0.0047123458262982535
724,todai,0.021367310614736006
725,anticoagul,3.0156894723751764E-4
726,central,-0.0014816114112270148
727,build,0.011420421215700702
728,resect,-0.006158886296056684
729,around,0.006681067160523683
730,end,0.015706399442494395
731,sclera,0.0023329224606658825
732,overal,-0.014032675438778803
733,lopressor,-8.424989796690561E-4
734,heal,-0.020915932280210648
735,diastol,0.011483614142007098
736,rehabilit,0.026791504102794062
737,sensit,0.007506431527999037
738,di,0.01294322629583733
739,nl,0.0012973772246550094
740,rang,-0.01102960873682674
741,support,0.016260532679314727
742,best,0.009919335735163263
743,enlarg,1.5260779594516766E-4
744,refer,8.704973857261813E-4
745,consid,-0.005678104390867048
746,surgeon,0.003356323642484217
747,dysfunct,-0.0054378256358447764
748,egd,0.0034660305623183383
749,interact,-0.0044859297347522
750,ascend,-0.003676096533348121
751,rca,6.670112249776225E-4
752,center,-0.018140096063851682
753,chamber,-0.004873500060280148
754,defect,0.0035148792860783705
755,ldh,0.0017322860723319438
756,liquid,0.006870066379879576
757,myocardi,-0.018462025209521116
758,sleep,0.016999246519415617
759,hip,-0.004111329721859398
760,radiat,0.013653644378276542
761,hx,-0.009980481150512371
762,echocardiogram,0.03265584705536879
763,nasal,-0.022419937027003393
764,simvastatin,-0.003015904057330391
765,recurr,0.021381308457640937
766,perrl,-0.01307915623556796
767,attempt,0.0060832741364614355
768,lead,-0.01364339356978089
769,cr,-0.003940907134977809
770,trauma,0.0012363230763649397
771,dvt,0.010804932798838174
772,pe,0.011013795986074711
773,complain,-0.015528684052279433
774,colac,0.020797491696161418
775,collect,0.0046455485242905626
776,unclear,0.0038831046667100505
777,mellitu,0.018317325955675867
778,son,0.015502916266930034
779,though,0.0033014014754004055
780,patent,0.00989674007667842
781,eject,0.009585548141730158
782,field,-0.004510906732095106
783,hernia,0.004129058532669303
784,grossli,-0.028521439242298864
785,pre,4.2173725116021225E-4
786,nontend,-0.01083390128630549
787,auscult,-0.034499027159923645
788,sepsi,-0.003830125455620979
789,bone,-0.002608756796499402
790,walk,-0.009868274784956794
791,shower,-0.013895835167949944
792,went,-0.007940495154782295
793,crackl,-0.01823371601415057
794,septal,-0.015641638197389687
795,intermitt,-0.010810414799635286
796,narcot,-0.017059045180428535
797,reactiv,-0.02209003989997085
798,pco,-0.008332596078078396
799,man,8.387006896522791E-4
800,ventil,0.015797451558667096
801,fe,-0.0019959531811756023
802,uti,-0.0065358871034028486
803,intak,0.024016840302533767
804,detail,-0.022282788120488266
805,bun,0.014451099573113057
806,segment,0.0039113298625293915
807,pound,0.017977027703180513
808,immedi,-0.0037443861795312416
809,muscl,-0.004540443965924815
810,morphin,0.016465374438965955
811,cyanosi,-0.0012637904769331485
812,tip,-0.005710053257575846
813,woman,-0.011020584221945356
814,cardiologist,-0.0289969360809501
815,afib,-0.0017940841253450898
816,diuresi,0.012563225833209563
817,embol,0.020882054123798188
818,syndrom,0.029705247223986087
819,facial,-0.010623541114792242
820,tricuspid,0.024056021009556932
821,problem,-0.017135783700242498
822,dress,0.009350657712836122
823,liter,-0.008855953036997322
824,outsid,-0.03662282820599533
825,protonix,0.031395884024327386
826,advanc,-0.023116071748354956
827,point,-0.005173054406650489
828,notabl,-0.006566294362576336
829,fraction,0.0013312047053288343
830,global,0.013997682341491463
831,event,-0.03977211567833342
832,abscess,0.00913626782993407
833,consolid,0.015017116715587881
834,rectal,-0.022364091660188865
835,second,-0.0056638457129198965
836,grade,-0.00560415576196505
837,awak,-4.4814812861841366E-4
838,ac,0.020544608907764474
839,rel,0.00605224295314415
840,lipitor,0.015684919873278143
841,ceftriaxon,-0.002197898286367468
842,rule,-0.019953325038699666
843,peak,-0.013519269165807164
844,motor,-0.022541282840714588
845,aerosol,0.010644246356172463
846,band,-0.012997633323525009
847,began,2.002632767930198E-4
848,mmm,0.04991803069664908
849,clot,-0.0023050853256597775
850,ld,0.015834742672266706
851,equal,0.018076696601954625
852,dure,0.04354660034187412
853,hypokinesi,0.01681321873249443
854,protein,0.0025968266832190868
855,command,0.02817353112540874
856,long,-0.030658937767747682
857,bladder,0.021915419124113936
858,dialysi,-0.010603038629993082
859,atenolol,0.007807629188831737
860,ativan,-0.0046666580999245935
861,trend,0.0025515916740095567
862,infiltr,-0.014544533655886604
863,hypothyroid,-0.006675006561350666
864,blocker,0.00863900467030218
865,resum,-0.011494398703690123
866,person,-0.0042382255722227665
867,exert,-0.04210486448124825
868,experi,0.04189178795545768
869,multivitamin,-0.004556813455103271
870,brought,0.015274737882383543
871,exclud,-0.02417436843691932
872,resp,0.013011296285304666
873,stomach,-0.014210884860617376
874,nebul,-0.007960707424970771
875,regard,-0.018741878728461343
876,pace,-0.023716709918020912
877,actuat,8.97909040051356E-4
878,ambulatori,-0.015806881302866102
879,zosyn,0.009574311031834648
880,ischemia,-0.008413193469316514
881,levothyroxin,-0.0013306175660931878
882,re,0.009023655757293358
883,bedtim,0.032782481725304756
884,along,0.00393418685872645
885,thrombu,0.0022334970219785666
886,ha,0.019184434840657606
887,hypertrophi,0.0012492566198470587
888,ca,-0.010986634409966342
889,vna,-0.013850425687962737
890,amylas,-0.007403101682843069
891,agit,-0.008197927785031088
892,nodul,4.120784026291061E-5
893,omeprazol,0.01621201309248062
894,earli,0.0036895945464278206
895,devic,-0.0124718789349853
896,spontan,0.004803135838753537
897,lipas,-0.007838724188689168
898,ischem,-0.008870381758950318
899,prophylaxi,0.017775934256156218
900,hand,6.186364776218041E-4
901,stage,0.013947440193346402
902,le,-0.007052594157104299
903,taper,0.01082932477630209
904,prbc,0.012237613436399569
905,neb,0.011240027895564584
906,depend,0.023136851944105634
907,therefor,0.03400864731291449
908,meal,0.014236351481629085
909,sugar,0.005238663322964129
910,flush,0.01145245231463941
911,intracrani,0.005776537513274309
912,foot,0.004834160925043273
913,cap,0.009374386711666512
914,ap,0.008448665709292225
915,powder,0.038624248066995326
916,via,-0.005589633521107516
917,x,-0.00524204425710333
918,ivf,-0.01381209972968855
919,cardiothorac,-0.00728527735316112
920,airwai,0.0015775581973185744
921,mrsa,0.018736461749662234
922,park,0.009960877754913054
923,fill,-5.213619239038062E-4
924,respond,-0.005292891149032483
925,jvp,-0.014051649427533104
926,tte,0.0028294458540629105
927,pna,0.023130271156431004
928,dizzi,0.008162563217523611
929,asthma,-0.0036219760652388103
930,gallop,0.014965581196417499
931,ciprofloxacin,0.007503894040704794
932,order,0.0036737385051145385
933,clean,-0.016645698835731842
934,troponin,-0.012373672452986902
935,campu,0.010182077210781626
936,lb,0.04483933738354402
937,confirm,-0.024214161966928622
938,cirrhosi,0.02715402984548735
939,disord,0.03271594811125772
940,independ,-0.02510793489519255
941,diures,-0.017850182619328945
942,colonoscopi,0.0012755024848497625
943,partial,-0.021240148049340535
944,radiologi,0.009416120768494773
945,sternal,0.019167343557350242
946,sc,0.007462946552465044
947,groin,-0.007225523034313284
948,lv,0.008527761829194349
949,unknown,-0.003544195263347816
950,comparison,0.01131458338227263
951,avoid,0.0018475789542813674
952,coher,-0.017881767997175217
953,percocet,-0.023414379403970002
954,describ,-0.010602571726187289
955,deep,-0.007385750275327267
956,mondai,-0.011320109689552545
957,sust,-0.0019381351990279026
958,withdraw,0.005423596248741177
959,compress,0.01419190002258188
960,hypercholesterolemia,-0.019315688398030988
961,appar,0.02797193037954601
962,neurosurgeri,0.009045068323699506
963,difficult,0.04567891198032328
964,ascit,0.003898461583235042
965,calcif,0.015221801218342311
966,probabl,0.020746830950192207
967,ipratropium,0.015551269011409432
968,enzym,0.017027401991449143
969,toe,-0.0072713931220954155
970,esophag,0.025100706246995477
971,digoxin,0.013113276858869082
972,insuffici,0.010875775558132059
973,visit,-0.015651363962328465
974,titrat,-0.04036598072004243
975,overload,0.00327419462382625
976,palpit,-0.0040439221886319114
977,svg,-3.222825618234729E-4
978,nutrit,0.02177344771770439
979,th,0.020467824930679748
980,residu,-0.0018685897593029228
981,mmhg,-0.0042511655554978295
982,degre,-8.850423916493133E-4
983,stress,0.00618552601858122
984,iii,0.01326211744693513
985,wire,0.009886795067012778
986,tract,0.009353678331189974
987,om,-0.02040144151530211
988,complex,-0.00616706784005897
989,stabil,-7.188206361071402E-4
990,node,0.01506851040043788
991,shift,0.011812836829472881
992,onset,0.003694116447765199
993,appreci,0.017975280429813625
994,screen,-0.010514916976574437
995,eat,0.014965106944163711
996,subdur,0.022541779342401806
997,art,-0.017389814109832143
998,exacerb,0.00964127424954514
999,pa,-0.014849106698391006
1000,cream,-0.015778659244038432
1001,xii,0.006148014192681856
1002,penicillin,0.003105480143748617
1003,overnight,0.0068220860456974786
1004,diltiazem,-0.013449406487457526
1005,yeast,0.007202577250566203
1006,tr,0.011231392209057757
1007,gerd,-0.0314496704307539
1008,better,-0.01196904647816899
1009,bilirubin,-0.003884899261034222
1010,common,0.007952303209739482
1011,dilantin,-0.011731222941097968
1012,thei,-0.0177720797947184
1013,adequ,0.025861745298577293
1014,cardiovascular,-0.031739765461750516
1015,jvd,-0.009324372114330447
1016,product,0.003353478225300853
1017,data,-0.010179278927912542
1018,folic,0.029324083648667607
1019,anti,-0.01935183646473901
1020,tumor,-0.01600263119350185
1021,topic,-0.00785016184595683
1022,aggress,7.009193168315959E-4
1023,servic,0.009813464212923903
1024,adjust,0.0061041840974772905
1025,dissect,-0.010962636466420803
1026,suspens,0.004421531883968413
1027,ng,0.02440184448907422
1028,occlus,0.020562960229103606
1029,determin,-1.3541875000956487E-4
1030,club,7.778215342786579E-4
1031,cerebr,-0.014862546280142006
1032,oropharynx,0.05601280902768762
1033,keton,-0.029444285404769135
1034,lymphadenopathi,-0.014934616036585939
1035,trivial,-0.04910778510188712
1036,health,0.016605397153930796
1037,lft,-0.005380699400570461
1038,origin,0.02420987567208069
1039,lovenox,0.008325125123093968
1040,eventu,-0.025976505092133624
1041,mediastin,0.005786637099788465
1042,diff,0.013956423010629652
1043,trach,0.01292164648004869
1044,breast,-0.005105866685763093
1045,portabl,-0.0022875793337625043
1046,decid,-0.017394610331531196
1047,main,0.009306418431515293
1048,id,-0.0179323618609507
1049,simpl,0.020362049293967056
1050,reaction,0.0070558367685395204
1051,radial,0.0073126347685371065
1052,inpati,0.014887981342418102
1053,thrombosi,-0.01183542805625502
1054,finger,0.03142723578389408
1055,period,0.028012109693940565
1056,prostat,0.013025922752012076
1057,ccu,-0.002431015943234304
1058,hypoxia,0.028843186803681056
1059,enhanc,6.891732204597065E-4
1060,amlodipin,-0.012457202677345076
1061,garag,0.007758508663358628
1062,block,-0.009008393205108678
1063,ctab,-0.0017239047952987408
1064,cn,-0.03008751303789428
1065,nitroglycerin,0.019824279001867718
1066,anoth,-0.01731169507817828
1067,saphen,-0.018795993475199047
1068,irregular,0.032027929976186156
1069,promin,-0.029512216339316055
1070,slight,0.021016235328623355
1071,n,0.018069116999553887
1072,nitrit,-0.0016821476649462304
1073,pacemak,-0.008112275253942423
1074,name,-0.02131294411444422
1075,usual,0.0027373174938636856
1076,nondistend,-0.00954387518461057
1077,ad,-0.02600598135010936
1078,view,0.005421236816024148
1079,husband,-0.007712527210648155
1080,tracheostomi,0.034943051219633134
1081,temp,-0.023461746269590633
1082,frequent,0.0022052128155621107
1083,stain,0.0013254426900901266
1084,electrolyt,0.019526884062904874
1085,metastat,0.01561541116908996
1086,mechan,-0.015173397010933008
1087,pulm,0.029909479751939014
1088,switch,0.016438111280818627
1089,guard,0.03902983743356583
1090,hemodialysi,0.01052971380601242
1091,workup,-0.003486046560032908
1092,round,0.00526447413585728
1093,cx,-0.017755894955662828
1094,leuk,-0.007567563610411823
1095,spinal,0.007624611797111981
1096,nerv,-0.014924532329983763
1097,gradient,0.016207786485005402
1098,tsh,0.0016222242801836916
1099,pressor,-0.0055518877883238525
1100,similar,0.06263778872286457
1101,branch,0.013328804653429276
1102,cva,-0.004722142903797991
1103,gait,0.019442284529845318
1104,much,0.019555013388620052
1105,prevent,-0.03397656828989938
1106,rebound,0.020834666153360663
1107,metformin,-0.030404992966318278
1108,min,0.031087829765231497
1109,scar,-0.024430074061756415
1110,resist,0.01260089235382646
1111,alter,-0.006321489754800014
1112,biliari,-0.003801638952258115
1113,margin,0.010134724125947701
1114,er,0.01241718893043695
1115,brother,0.005073266861333811
1116,sister,0.03719454727748969
1117,water,-0.007789342508124993
1118,came,-0.010395761657296748
1119,joint,-0.010387859405943348
1120,bath,0.009703749036536518
1121,inform,0.006824736682116306
1122,underli,0.0320624178265101
1123,syncop,-0.034893804843705765
1124,ecg,-0.021747533102857333
1125,bisacodyl,-0.05071898699174179
1126,hous,-0.006121485785697756
1127,phosphat,-0.006921143529638602
1128,possibli,-0.021973602947065442
1129,middl,-0.020286076925799874
1130,gallbladd,-3.6745744321753495E-4
1131,list,0.034468214682483615
1132,duct,0.0036025772203418464
1133,illicit,0.02737833550062816
1134,slowli,4.585232987704877E-4
1135,peg,0.01797838377394017
1136,children,0.03311279132741391
1137,access,0.04842685366422882
1138,tee,0.011201466074259257
1139,cefepim,0.005257607964157866
1140,never,0.020169777684322203
1141,malign,0.042638179140848095
1142,pump,0.006487513297147834
1143,fatigu,-0.018166161154112105
1144,reflex,-0.043681251221293384
1145,tempor,-0.01848038632877584
1146,ankl,0.013406225612684208
1147,basal,-0.012970668807569375
1148,grew,0.02247956212706193
1149,qam,-0.021342906599748995
1150,bromid,0.007138743226776004
1151,routin,0.007331647004685585
1152,mucou,-0.01359645330006377
1153,wa,0.001282384479486
1154,summari,0.00199848892540867
1155,organ,-0.009120397504177561
1156,pmh,0.027070641078059947
1157,radiograph,0.02472556932782736
1158,space,0.007150864758268093
1159,pass,-0.0077416532461182545
1160,bacteremia,-0.002677473430698407
1161,leukocytosi,0.03029285922170178
1162,ani,0.013143486518990144
1163,heavi,0.024620017161417432
1164,preserv,0.009955251087905716
1165,arch,0.02582772168278778
1166,cover,-0.03892444862181443
1167,gastrointestin,0.005445313414050583
1168,cyst,-0.013845097609910543
1169,palpat,-0.008449213323989214
1170,bronchoscopi,0.011222547751362772
1171,dilaudid,0.006886303734443816
1172,apic,-0.020423101920616193
1173,eeg,0.0023758461005631074
1174,throat,-0.03471675111454714
1175,portal,0.027063156679936175
1176,differenti,-0.004717250187641141
1177,despit,0.015369656589427209
1178,stand,1.7728501672200584E-5
1179,benign,0.02589898254531664
1180,speak,0.009927566446864737
1181,presum,0.038562737915625755
1182,fluticason,-0.03429413320099203
1183,affect,0.010178276877428198
1184,vertebr,0.002153819124048536
1185,rib,-0.011913356864998871
1186,membran,-0.0013847953860771998
1187,sp,0.014421527531312752
1188,stapl,0.005329215325953035
1189,bactrim,0.02059838637261577
1190,intra,0.02416720960106794
1191,commun,-0.006922244105919815
1192,rv,7.604130248241806E-5
1193,shoulder,-0.015104360111439976
1194,gastric,0.014265707574337769
1195,gabapentin,-0.003026089845113317
1196,food,-0.02998444848191484
1197,preoper,0.012188546377783764
1198,fridai,0.011980894619267792
1199,icd,0.018009992001546914
1200,stone,-0.008288003054657322
1201,syring,-0.03365292825263063
1202,ercp,-0.024232724909879298
1203,bili,0.01091486481049815
1204,face,-0.0481572478855588
1205,ointment,-0.013596785394467991
1206,least,-0.009915989904940652
1207,answer,0.005900719494990856
1208,rale,6.571675831291038E-4
1209,give,0.00853176875149792
1210,dementia,-0.01934374045143467
1211,experienc,-0.04656445206276828
1212,porcin,0.033377634783154565
1213,look,0.02027263629145678
1214,atyp,-0.009956583460544132
1215,diamet,0.0030506920483268168
1216,epi,0.02215327879763649
1217,singl,-0.04541647314611386
1218,prolong,0.02272775387925369
1219,alon,-0.011249228236155215
1220,resolut,3.6711025805864886E-4
1221,wash,0.010549614420881507
1222,bibasilar,-0.01095675518926308
1223,cardiomyopathi,2.9408849682318347E-4
1224,u,0.01790131415173064
1225,lactulos,0.03168350045526573
1226,appl,0.004918088247619008
1227,lotion,0.011365277015608098
1228,secret,0.005073410703604306
1229,retir,0.031235148773325876
1230,atheroma,0.009610017645737082
1231,lorazepam,-0.032184256810786405
1232,yellow,0.038950849402422445
1233,success,-0.01559118067991693
1234,tongu,-0.007828450159956915
1235,varic,0.025774208910931434
1236,come,-0.001722617167863193
1237,yr,-0.017047369373746932
1238,carbon,0.0015699208760333104
1239,touch,0.004454087008428441
1240,cord,0.014256394495624183
1241,part,-0.009214076999856028
1242,kept,0.008412765046355585
1243,kg,0.023621100783509413
1244,arrang,-0.013340915872914765
1245,salin,0.02200460440023735
1246,bipap,0.011810909770193093
1247,fistula,0.018929613382834252
1248,vanco,0.0028507955330114294
1249,shock,0.01312678060297124
1250,carcinoma,0.03387194351523479
1251,rhonchi,0.03944461236935364
1252,unless,0.040080762644298655
1253,xl,-0.05222056325327421
1254,protocol,0.0049227027806655384
1255,bradycardia,0.004216639794378768
1256,ibuprofen,-0.057580900972273606
1257,recoveri,0.016481163017735053
1258,bottl,0.007255961560854034
1259,ga,-0.0064611758168889085
1260,recon,0.0055440083318731145
1261,dysuria,-0.021772374521312556
1262,viral,0.002836178076753084
1263,ground,0.003682706085791773
1264,except,0.0065183747238613775
1265,marri,0.006422703615035062
1266,pull,0.014014029649069107
1267,vision,-0.03925380705990592
1268,comment,-0.01570577039729796
1269,import,-0.017086654019662122
1270,discomfort,-0.032713054494246094
1271,load,-0.03680544728208288
1272,nose,0.010053947842017415
1273,percutan,-0.0049735685368172125
1274,cp,-0.03681567967432321
1275,feed,0.007224830630624005
1276,tachycard,0.004743812866516979
1277,encephalopathi,0.02433754242737919
1278,definit,-0.024408504266649568
1279,therapeut,0.0025519464963421365
1280,qualiti,-0.00980054861601924
1281,exercis,0.005844479619963302
1282,gm,0.015911936796201443
1283,nph,-0.006706991350263444
1284,cranial,0.0049566532451067475
1285,wednesdai,0.0016797350551860017
1286,angiographi,-0.026509550364637417
1287,pathologi,-0.005490338549063117
1288,revers,0.01439058327136728
1289,portion,0.010398817379073184
1290,hear,4.5930719294674E-4
1291,slow,0.010115976967516264
1292,reduc,-0.036756188549306644
1293,alk,-0.009842674034244285
1294,tone,-0.00511625637836848
1295,empir,0.016580983577592127
1296,thyroid,-0.0019275846922518134
1297,thin,-0.014296092800223306
1298,veget,0.008885785385488993
1299,mark,0.0263798965407993
1300,deficit,0.014481722478070103
1301,specif,0.05238346088239594
1302,lumbar,-0.014490364241219947
1303,clopidogrel,0.011384605398508508
1304,tremor,-0.03113716735696223
1305,palpabl,0.008160284237471432
1306,serial,-0.011917519212892384
1307,hiv,-0.01674359816749573
1308,coliti,0.001856679618646527
1309,becom,0.0010081295921693795
1310,numb,0.037500506233440145
1311,wors,-0.017109360658970396
1312,dissolv,-0.008748704939840266
1313,contributori,0.023813174455793708
1314,cocain,0.03670854745246621
1315,leak,0.014876023098892844
1316,address,0.014839759273570183
1317,third,-0.012949736789705214
1318,telemetri,-0.009095868141605467
1319,bacteria,0.008534312550747634
1320,restrict,0.013303195565561305
1321,decis,0.02153647846783126
1322,deform,0.01900744215785531
1323,pelvic,-0.04247469855516276
1324,esophagu,0.013993813306374546
1325,meropenem,0.011138465705965144
1326,observ,-0.049250531133028366
1327,ferrou,0.028453051141031367
1328,sprai,-0.022758748556473005
1329,statin,0.014545519820039493
1330,somewhat,-0.06313750254519965
1331,vent,0.008617243511269456
1332,sublingu,-0.010078695637148936
1333,correl,-0.013976471521794195
1334,levaquin,0.0672752224886725
1335,east,0.012773565884728775
1336,esrd,0.01598422750172347
1337,thursdai,0.05091169988841649
1338,tuesdai,-0.02449141828002591
1339,superior,0.010993948895134418
1340,ppd,0.03771125212422124
1341,npo,-0.027479821281588688
1342,gout,0.009001867052943811
1343,significantli,-0.02350190471698307
1344,addendum,-0.0155263322106775
1345,put,0.022963889184160285
1346,infus,-0.027365433260590065
1347,balloon,0.022520877339895422
1348,narrow,0.00874011318807044
1349,cipro,0.005247164076255575
1350,mobil,0.030755968743711684
1351,estim,-0.017384349741058323
1352,soln,0.008791482995571248
1353,hsm,-0.0071157572326624365
1354,toprol,0.009080816774247422
1355,swim,-0.006220927401625204
1356,cbc,-0.007425629808194068
1357,mucosa,-0.0064073538137638195
1358,successfulli,-0.0716745075470329
1359,staph,0.023500226528840068
1360,av,0.003774683733436406
1361,resuscit,0.04369941356336621
1362,coli,-0.015260905608269246
1363,ua,-0.041787541725021506
1364,drawn,0.054412261367527415
1365,axi,-0.014367821068890492
1366,gradual,-0.026109565017417277
1367,inhibitor,-0.0027408318797130606
1368,lantu,0.02361949486546974
1369,quadrant,-0.02151806196965555
1370,em,-0.014270699583852796
1371,avail,-0.004320312491885502
1372,crystal,-0.023764166947633468
1373,hematologi,0.02808876631329896
1374,surround,-0.0072464414522399705
1375,mani,0.03279328827346007
1376,guaiac,0.051887866060461876
1377,notic,-0.0822025351177187
1378,black,0.0029256641186274643
1379,bacteri,-0.011637036742934278
1380,humalog,0.025229865724848644
1381,hg,2.1407831162105853E-5
1382,factor,-0.009813704542794842
1383,succin,0.028614644148521207
1384,ranitidin,0.02573872442772368
1385,longer,-0.010719849000524218
1386,vanc,0.05188869788468527
1387,aid,-0.005244465181279012
1388,lcx,-0.011108001575213067
1389,sutur,-0.018634439784759024
1390,vi,0.11011547805769374
1391,paroxysm,0.0012491158721952688
1392,lightheaded,-0.007583987082727225
1393,gu,0.017588564538558303
1394,ppi,5.993444031101086E-4
1395,asymptomat,-0.007209784861901179
1396,isol,0.007722657127562487
1397,disk,-1.9591574407789785E-5
1398,subarachnoid,-6.524464360646479E-4
1399,adren,-0.01628512338771976
1400,orthoped,-0.003814361407277042
1401,rare,-0.009085892275738553
1402,jugular,0.014152086458603394
1403,endoscopi,-0.01826551581760489
1404,occur,-0.025283643046452295
1405,dehydr,0.011928967240925816
1406,fail,0.05620441899552196
1407,gentli,-0.025676355682770744
1408,refus,0.033565708754489554
1409,subclavian,0.02185451379363804
1410,weekli,0.028313180840689057
1411,near,0.015550886535510707
1412,oncologi,-0.016897736894677495
1413,degen,0.011116254179788017
1414,ear,0.002093571083017514
1415,cholecystectomi,0.016251271115014138
1416,lacer,-0.00647585711795023
1417,protect,-0.037640032415388804
1418,defer,0.004500962083122121
1419,ophthalm,0.026115210871057212
1420,frequenc,-0.020118553339551915
1421,hydralazin,0.035116795186193546
1422,coag,0.021885743665290402
1423,angiogram,-0.017514656581960057
1424,term,-0.010417664433439056
1425,seem,-0.0030770995195566597
1426,folat,-0.02442167695477323
1427,inflammatori,-0.0022583331104550565
1428,appli,-0.03407641996581879
1429,particl,-8.397488587106643E-4
1430,spike,5.813756554280451E-4
1431,septum,-0.0012146980547682992
1432,fentanyl,-7.767949631653701E-4
1433,abg,0.03458015839166444
1434,gain,0.042187992136663396
1435,replet,0.0018173850494800283
1436,collar,0.03678029969806959
1437,prolaps,-0.048050828757583416
1438,aureu,-0.003997820078244702
1439,request,-0.005285081565288521
1440,mean,0.023046298010483753
1441,read,-0.006633933589606304
1442,cd,-0.004324396810494617
1443,pleasant,-0.002837260813241124
1444,anesthesia,-0.004189687078500319
1445,sinus,-0.018607319013682823
1446,melena,0.02164862821980874
1447,organomegali,-0.03516585930156242
1448,local,0.022598492912629307
1449,arrest,0.0041584028742221455
1450,borderlin,-0.04349414832243989
1451,hydrat,-0.023482614591505135
1452,pariet,0.012383972812609736
1453,bilat,-0.01300660455367751
1454,bile,0.0020688102131580332
1455,interpret,-0.03292850384198188
1456,staff,0.017448092232633643
1457,apex,0.01985591688386727
1458,propofol,0.0016300784002177436
1459,chemotherapi,0.02870388851109754
1460,unrespons,0.003457876942053707
1461,transient,0.02862819663365971
1462,versu,-0.022549183976275568
1463,tot,-0.011310337010478323
1464,remaind,-0.03216715168892531
1465,difficil,0.028457748545587646
1466,pr,-0.04980485264538111
1467,ultim,0.03779482868342057
1468,occipit,0.009915343020623416
1469,thiamin,-0.029807704745616784
1470,weigh,0.12193937920992064
1471,ampicillin,-0.0027288819432019534
1472,cellul,-0.0010330232871542911
1473,sudden,0.012042424356783854
1474,suppositori,-0.015325230833739226
1475,conclus,-0.06582642126046377
1476,allow,0.0020451873290333387
1477,sure,0.03369353400442537
1478,biventricular,-0.043628184587806186
1479,bicarbon,-0.03143951210950419
1480,adjac,-0.037079069048378904
1481,fulli,-0.00467712473907985
1482,epidur,-0.016667908678658062
1483,advis,-0.0601120859486586
1484,caltco,-0.0030623040695460556
1485,occlud,0.01786046320521843
1486,extraocular,0.051717023413119144
1487,apnea,0.02266707071650161
1488,ruq,-0.009186046700956641
1489,dl,0.004075392251485964
1490,perrla,0.05258581152229918
1491,mask,-0.011489741536567543
1492,psychiatri,-0.004901618682216477
1493,suboptim,-0.018819797133029136
1494,ethanol,0.02218732654055684
1495,ly,-0.033899667931706415
1496,septic,-0.017512806207653515
1497,west,4.1094556734752233E-4
1498,electrocardiogram,0.006685344430841749
1499,thrombocytopenia,0.009232474145230731
1500,collaps,-0.002543002741836694
1501,yesterdai,0.04567579517039837
1502,hydrochlorothiazid,-8.939219882612719E-4
1503,reportedli,0.02925109129895499
1504,sulfa,0.014671168302620592
1505,keppra,-0.012506451004315291
1506,futur,-0.030872001166615808
1507,express,-0.031418530528478934
1508,addition,0.027868356151492593
1509,densiti,-0.022551698275838264
1510,cpap,0.022093326499509885
1511,fib,0.008379893697977975
1512,lima,0.02056205111568572
1513,elect,0.013012697234726641
1514,tpn,0.004499491563406393
1515,correct,0.021906787812187953
1516,fio,0.017260359745206715
1517,trazodon,-0.008029267068042025
1518,human,-0.008656493333238452
1519,advers,0.05093189423833168
1520,walker,0.014276488921387904
1521,glargin,0.024725756850893656
1522,coverag,0.03306197683161996
1523,bolu,-0.01687474582098114
1524,neuropathi,0.026276624484373116
1525,metabol,0.027653908310853546
1526,cycl,0.009406661300949712
1527,orthopnea,-0.019604057267454948
1528,cannula,-0.009917025875187745
1529,sgot,0.017715710501680675
1530,sgpt,0.016114656578319127
1531,hypodens,-0.002831026297999035
1532,emesi,0.014668908725842773
1533,qdai,0.008084404913730466
1534,poplit,0.01349007897851313
1535,preliminari,0.0295486128618312
1536,serum,-0.04369735320449768
1537,lidocain,-0.009627010702412517
1538,potenti,-0.008912696516873184
1539,smoker,-0.007142960003185166
1540,hyponatremia,-0.011332365341174853
1541,arthriti,-0.032695030895290474
1542,rx,-0.01193632131788536
1543,convert,-0.0058892902797205585
1544,cardiomegali,-0.010632439640602084
1545,allopurinol,0.05138193513925264
1546,beat,-0.01182102433431545
1547,either,0.050032881247152904
1548,junction,0.019968757953801985
1549,bloodi,0.011939050787095645
1550,spironolacton,0.01485930635281227
1551,want,-0.005471811288230256
1552,indx,0.014814795575297324
1553,iliac,0.002512431352177158
1554,sit,-0.05935140281406486
1555,glass,8.51762396448785E-4
1556,run,0.011446249584140516
1557,signal,-0.04442537469291326
1558,ox,0.011540165789474817
1559,benefit,-0.03679140980802139
1560,bolus,0.02914353708679195
1561,nonfoc,-0.010838253514445763
1562,onli,-0.02212438289481673
1563,film,-0.04721320990293661
1564,ongo,0.02417510827604309
1565,chair,0.007595099903938131
1566,sigmoid,0.009125062129856448
1567,defici,0.0249106607455851
1568,duodenum,0.02482037233458571
1569,rectum,0.010259168125492775
1570,bm,-0.01396414420133276
1571,markedli,0.023222091108028996
1572,flat,0.028718079068471177
1573,nstemi,0.022064327392268768
1574,csf,0.014751293682563772
1575,adhes,-0.005288058035565891
1576,drift,-0.0105347397373691
1577,attent,0.00959992692285623
1578,dopamin,0.01907516718716157
1579,avr,-0.010832163983152943
1580,appendag,0.004720511860134156
1581,thirti,0.016748870746512
1582,acidosi,0.005377057910899308
1583,sweat,-0.02323049512845577
1584,doe,-0.018210198591397993
1585,induc,-0.02836586451076225
1586,endotrach,-0.018329236274216665
1587,plastic,0.01256528867461575
1588,diuret,0.024091208809961705
1589,half,-0.00671002908507782
1590,eval,-0.002967135912093449
1591,sicu,0.03656806003579724
1592,pancrea,-0.01559780153062488
1593,administ,0.04491311267754206
1594,endocard,0.009179958471637367
1595,febril,-0.00872268919041133
1596,thigh,-0.011279404425220881
1597,occup,-0.022053851886336507
1598,debrid,0.011955796322316003
1599,gentamicin,0.0037976038495837207
1600,ablat,0.0012264744689154383
1601,peep,0.03813280351267626
1602,sec,3.89982083969804E-4
1603,reflux,-0.01802298340689538
1604,contour,-0.054249220716290326
1605,psych,0.012161763724180255
1606,ivc,-0.0032304039571255895
1607,voic,-0.007651089543338445
1608,tight,-0.040244811307011456
1609,q,0.008754813092089751
1610,void,-0.02774098845163012
1611,self,-0.004652949351584584
1612,compon,-0.03506302876503995
1613,leav,-0.013066461511521407
1614,fat,0.02373921147742161
1615,opacif,0.002031296576137921
1616,hematuria,0.00623311056999433
1617,basilar,0.0017146331601098636
1618,contain,0.012073486770621695
1619,hctz,-0.0031502476876034526
1620,interstiti,-0.004839166934966268
1621,medial,-0.0037695148140547085
1622,cooper,0.008181034164290476
1623,fast,-0.03431178569169758
1624,pseudomona,0.011187728145494241
1625,contribut,-0.057853417987410366
1626,carvedilol,0.023391060156955672
1627,diverticulosi,-0.00849453965723413
1628,percent,0.001947543668442406
1629,ncat,-0.003360946276149145
1630,index,-3.221698115147811E-5
1631,hemoptysi,0.009182547602673735
1632,bedsid,0.06361050324043696
1633,ab,-0.009110740102425983
1634,levoph,0.017857068164039543
1635,gentleman,0.0714092472338844
1636,qr,-0.031036465873387903
1637,ro,-0.021528882659102886
1638,pacer,-0.020955484775687285
1639,hydromorphon,0.030534855786193138
1640,mra,-3.990680951429452E-4
1641,po,-0.007459783060098616
1642,silhouett,0.008377459402473482
1643,distent,0.006681602664981065
1644,supplement,-0.017281904695944938
1645,citalopram,0.04681344746262711
1646,moist,-0.04638500649328258
1647,toward,-0.04295661807378949
1648,notdon,0.056439209027495385
1649,antibodi,-0.009317194604382384
1650,azithromycin,0.027438947453689987
1651,suicid,-0.03217777530564759
1652,tamponad,0.016546835504272037
1653,dark,0.010007006945097421
1654,nasogastr,-0.01985646392082194
1655,administr,-0.015182732253079024
1656,thu,0.014261688494589175
1657,pattern,-0.012362542090315185
1658,wnl,-0.026969957149160097
1659,urobilngn,0.01750331721345974
1660,periton,0.00395105911973248
1661,feet,0.01223671090837095
1662,delirium,0.0037591142356443604
1663,trimethoprim,0.04105023388570631
1664,hpi,0.04236926877074283
1665,reliev,-0.024276908180971443
1666,extern,-0.002126998951204194
1667,attack,-0.0011326377511461042
1668,toxic,-0.01293353983699311
1669,closur,0.009486345253594777
1670,diagnost,0.04653482003014233
1671,pill,0.006181979381340934
1672,rod,-0.007594008408981403
1673,materi,-0.009449911957202812
1674,ij,-1.8653311282204973E-4
1675,urologi,-0.010578878785547053
1676,elderli,0.003120267315505256
1677,attribut,-0.022253277781104395
1678,tricycl,-0.01586604661407374
1679,readi,-0.007426357875294072
1680,xrai,-0.0018947700988041997
1681,polyp,0.03229011867144556
1682,hypox,-0.017581625316872095
1683,loop,-0.013277407984679449
1684,duoden,0.011308993988746196
1685,nitro,-0.00860574539060602
1686,took,0.00970645798154321
1687,clindamycin,-0.03156931617333715
1688,extra,0.01116291615594328
1689,suction,-0.02173199656956332
1690,packet,0.004124275144210436
1691,lumen,0.0457027638206127
1692,mca,-0.006610452090274747
1693,recov,-0.01721355260264484
1694,suspect,0.011592778714936098
1695,expect,-0.0427953955247492
1696,somnol,0.0016209362972341224
1697,mod,-0.003187844374935233
1698,cholecyst,0.018748586278940996
1699,lymphoma,0.016202605275927387
1700,appt,-0.02002295909573302
1701,haldol,0.02986128351321387
1702,gastriti,-0.014996881738995863
1703,chem,0.036567012851325534
1704,strip,-0.04343910351325471
1705,captopril,-0.021146532398905224
1706,whether,-0.008510992198591829
1707,cerebellar,0.008851708049948817
1708,begin,0.05224694127992954
1709,undergo,-0.009763957948109641
1710,dyslipidemia,-0.045992166081127495
1711,angina,-0.01752862965623623
1712,varicos,0.0015713055523694955
1713,craniotomi,-0.006996577549949191
1714,displac,0.00196933322186076
1715,clonidin,0.03670407244043429
1716,reduct,-0.07165647493642704
1717,briefli,-0.031329297009921445
1718,abx,0.023019638745651484
1719,transvers,0.030405374945950057
1720,fell,-0.005674179719210311
1721,pink,-0.0244456748207257
1722,insomnia,-0.01186283880397131
1723,filter,-3.8892303851842576E-4
1724,neo,-0.031577366692689374
1725,entir,-0.035038140622085136
1726,root,0.041059176127392565
1727,meta,0.011972577062349417
1728,psychiatr,0.004709930682920164
1729,aspect,0.008724314773743427
1730,earlier,0.012836728445675656
1731,termin,0.011418738516452295
1732,domin,-0.027057728749312896
1733,retroperiton,-0.022264497393303467
1734,case,-0.006338429321900475
1735,somenam,4.18825021856903E-4
1736,obviou,0.036835017442321656
1737,fluconazol,0.02003615360036875
1738,hospic,-0.07636821442783666
1739,ctr,0.010200168775762814
1740,step,0.030553555454745782
1741,fx,0.003933310110630698
1742,enter,0.021854647026904057
1743,ir,-0.03139699282595775
1744,physiolog,0.011501123506297825
1745,becaus,-0.00984578725541991
1746,dnr,-0.06321361128561043
1747,hydronephrosi,0.00870262197162432
1748,sensori,-0.04940528109827183
1749,conjunctiva,-0.005805923807418208
1750,combin,-0.004472708061746803
1751,necessari,-0.03307574082714347
1752,sai,-0.01669224921621275
1753,disc,-0.02056955472941278
1754,pulmon,0.01588339821994622
1755,pnd,-0.05391228240971787
1756,staphylococcu,0.019084302018321574
1757,rise,-0.05723998826028079
1758,stasi,0.05416922510952313
1759,cataract,0.004414968353120904
1760,emphysema,0.007630531196610807
1761,perfor,0.0055033527323910085
1762,qpm,-0.04987863904903266
1763,got,0.029074911357206957
1764,declin,-0.0401545344543769
1765,famotidin,0.04793590048292931
1766,diagon,-0.034382653401382614
1767,myalgia,-0.0681032679155087
1768,excess,-0.0018466663679334494
1769,calf,0.008266926509535796
1770,section,0.012445122616748806
1771,urinalysi,0.03454202245382504
1772,encourag,-0.007150028206604384
1773,detect,-0.05696027760068081
1774,ask,0.06288050622715212
1775,axial,0.03639027252539153
1776,hilar,-0.024561193525003387
1777,coordin,0.03480462184954572
1778,angioplasti,-0.016518428502476288
1779,glyburid,-0.004162585104665538
1780,loos,0.019021782383176283
1781,matter,-0.015332309215311046
1782,fax,-0.05975774279120903
1783,myelo,0.023385352143151426
1784,accid,0.001998701867917406
1785,saw,0.022054402640162365
1786,inflamm,0.002405738901754902
1787,insert,0.011637089429313663
1788,obtus,0.010615404964270972
1789,inguin,0.021060261407941233
1790,circumflex,0.012183077012882198
1791,tear,-0.004166238542122766
1792,pda,-0.031664385073697225
1793,life,-0.050463645886293824
1794,labetalol,0.015619451954714765
1795,fen,-0.021547951608478947
1796,arf,0.005891441934945789
1797,jaundic,-0.014488191393088785
1798,mvi,0.022665404679082977
1799,accessori,0.004527974107575743
1800,ostomi,0.0023527699438727068
1801,clip,0.030437841244359345
1802,rvr,0.010935569565851604
1803,arous,-0.02348592027748989
1804,osteomyel,0.009068368612060472
1805,phenytoin,0.002164696824044446
1806,overdos,-0.06266578337755833
1807,codein,-0.009755043606045819
1808,inferolater,0.0061810946346415015
1809,excurs,-0.022179886865036382
1810,cholesterol,0.0255792842601819
1811,awok,-0.036485077000795896
1812,metronidazol,-0.003350207669602671
1813,vt,0.0034377950555378152
1814,appendectomi,0.05617039583065169
1815,inabl,0.05273680894801484
1816,believ,7.300436244667498E-4
1817,methadon,-0.0033987463961022675
1818,tri,0.0060459638206472694
1819,isosorbid,0.04956835305521696
1820,fiber,0.026928549552096063
1821,focu,0.00888065434778587
1822,veloc,7.81282809561113E-4
1823,wear,-0.024661323899642252
1824,letharg,0.07144349240304285
1825,quickli,-0.0056570466743144495
1826,glipizid,0.02377574628019618
1827,superfici,0.04784707487309191
1828,medicin,0.021961407441791383
1829,techniqu,-0.05345265590430024
1830,plu,0.019682198742793196
1831,calcifi,0.01762401386712214
1832,pvd,0.03262750015349878
1833,solid,0.04478669026524354
1834,flutter,0.02931246696817193
1835,klebsiella,0.003589423224760979
1836,retent,-0.03775191126770366
1837,prematur,0.007710007530797472
1838,shunt,0.010287716629361707
1839,dexamethason,0.012711828236491224
1840,incontin,-0.023672477438035702
1841,appetit,0.024225741832562018
1842,marrow,0.008195083301161839
1843,hydrocephalu,0.007305676674509154
1844,stair,5.753844709220151E-4
1845,cane,0.006516010841809611
1846,hit,0.025438522221558128
1847,pleasur,-0.014697421647291585
1848,pat,-0.07439674367044809
1849,tibial,0.05069218504605631
1850,svc,0.04681099560065407
1851,anteriorli,-0.04977881756085577
1852,contus,-0.01877397928068725
1853,sr,0.021712691372506844
1854,lavag,0.018300362724165974
1855,atrov,0.02615637077555928
1856,absenc,0.04928481352314175
1857,convers,-0.0018364841838286574
1858,prescript,-0.06415793519038611
1859,valu,0.013415858167544764
1860,finish,-0.02433771430313879
1861,laparotomi,0.023122583473229336
1862,notifi,-0.07632009822676906
1863,tramadol,0.023135058311139076
1864,jp,0.03276269372055789
1865,trial,-0.012883397726871585
1866,safe,0.00893283156654343
1867,ptca,-0.08686210604964914
1868,nrb,-0.011229529499256272
1869,compat,-0.030005466192711883
1870,mesenter,0.035095144175458615
1871,herniat,0.009127438562730067
1872,ffp,-0.021025691212721073
1873,spleen,-0.04244350635442913
1874,prilosec,0.024078516664435327
1875,befor,0.026883034563152407
1876,unlik,-0.030678297824721097
1877,fusion,0.014530828612856482
1878,tia,-0.012054896036087698
1879,pit,0.026866770871909574
1880,bicarb,-0.01015022132928584
1881,nystagmu,0.011200694005937695
1882,shake,-0.0023676384172856496
1883,salmeterol,-0.028627271401469433
1884,mammari,-0.0477969131632758
1885,former,0.014496740511296131
1886,ar,0.02177897933575543
1887,scatter,0.00687976779691158
1888,nsr,-0.0018040059092724544
1889,lat,-0.010186730696922257
1890,lack,-0.0074969183055251755
1891,hcv,-0.02942772466573612
1892,gastroesophag,0.028565272763111802
1893,piperacillin,-0.021771972263890136
1894,dimens,0.006905499839719077
1895,droop,-0.015533725367851883
1896,strain,0.040133212748925104
1897,syrup,0.03581331539499629
1898,norvasc,-0.06284552101849696
1899,pca,-0.0026636291176199557
1900,ceftazidim,-0.01994486630803122
1901,dni,-0.0704146970718664
1902,complianc,-0.02833206254377573
1903,presenc,0.061313727717997986
1904,technic,0.013182940984723645
1905,ngt,7.75354537717517E-4
1906,dysphagia,0.03504472093450822
1907,mood,0.02518488601489775
1908,multifoc,-5.707544671165105E-5
1909,hfa,0.016494626773680268
1910,told,0.009116209206937259
1911,rle,-0.007961063481452075
1912,ntnd,-0.015652040410203846
1913,bpm,-0.010170193679168632
1914,normoact,0.01890376549027002
1915,durat,-0.024651810199703503
1916,miconazol,-0.0013078191585897412
1917,anaerob,-0.002448078082260913
1918,foci,0.010459895769858712
1919,osseou,0.010983583050045143
1920,pci,-7.124571114403915E-4
1921,ica,-0.006111154967189222
1922,critic,0.010211336546423937
1923,intraop,0.029257358232323706
1924,osteoarthr,-0.026300268939607997
1925,dka,0.02933632135276551
1926,amput,-0.010725245460158872
1927,group,-0.024997849169074934
1928,brbpr,-0.01177421970114387
1929,wrist,0.009813861461653644
1930,begun,0.060050115552445986
1931,broad,0.012142459917184639
1932,enterococcu,0.03821807422963318
1933,splenic,0.019888413499704004
1934,rais,0.017167620545644177
1935,ep,-0.024081847671750718
1936,height,0.0222118197874159
1937,hematemesi,0.025001679516696476
1938,draw,-0.01596467138860233
1939,remot,0.03249545951085829
1940,lansoprazol,0.024498550652350543
1941,diverticul,0.02290092991974356
1942,toxin,0.0638459192612868
1943,nystatin,0.03570273522655379
1944,levetiracetam,0.025677111534496647
1945,faint,-0.028358391606014197
1946,antigen,-0.029332655240340295
1947,soap,0.004529170066106844
1948,accord,-0.003238935035075007
1949,diaphoresi,-0.09453843424026304
1950,axillari,-0.0195125066702822
1951,colectomi,0.029902020241630432
1952,noncontributori,-0.07567867944425079
1953,port,-0.009738445613034668
1954,tunnel,-0.013443519477805477
1955,exploratori,0.029504118538947077
1956,consider,0.010033685275740261
1957,littl,-0.026016206685834514
1958,tingl,0.013951893618223042
1959,hba,-0.033654247578852305
1960,essenti,-0.05588376012046545
1961,candid,-0.008816829236039577
1962,motrin,0.018598369486351348
1963,torso,0.041883581891189035
1964,territori,-0.005339252542329011
1965,plaqu,0.025857432350345114
1966,symptomat,-0.020644508687851573
1967,deem,0.07719941743937955
1968,bright,-0.0018172068375981593
1969,reach,-0.039332114435392085
1970,smear,-5.917636764929776E-4
1971,vac,-0.0014718240260748689
1972,akinesi,0.004668164948814882
1973,osteoporosi,-0.006452139195456781
1974,transderm,0.01578090433637475
1975,must,-0.031780759772633047
1976,lle,0.0015510872710748
1977,artifact,0.019418387200780207
1978,micro,0.0055625926308066525
1979,know,0.08145112572440831
1980,cigarett,-0.06994537868514274
1981,heme,-0.01894521881787362
1982,punctur,-5.146093794729411E-4
1983,hdl,-0.06581453776960916
1984,linezolid,0.01592995492108308
1985,vit,-0.04421034659683804
1986,pallor,0.07790844801651607
1987,wheelchair,-0.03307973628278882
1988,reflect,0.01541632012334913
1989,chemistri,-0.014845414161836627
1990,languag,0.011347378713749391
1991,overli,-0.05357909058642139
1992,allergi,0.01565070819641494
1993,hypoglycemia,0.009746026801680652
1994,steadi,-0.016498151860710245
1995,rom,0.00146233553525046
1996,acquir,0.014398979118264378
1997,valvular,-0.006880472544913934
1998,ent,0.023799091878456795
1999,distant,-0.022465121459544917
2000,healthi,-0.05071139886290135
2001,soften,-0.0306470588072347
2002,fluent,-0.019469087448117872
2003,suspici,-0.010515144296663172
2004,dc,-0.007314877580428655
2005,lmca,-0.021236485494076626
2006,slowe,0.021171196022141854
2007,zofran,1.9130971116299155E-4
2008,palat,0.03079639936094846
2009,flare,0.019582906158346992
2010,ckd,-0.016269946032569586
2011,bnzodzpn,1.397297035734881E-4
2012,parenchym,-0.023230828676145628
2013,specimen,-0.01744568423492063
2014,guid,-0.0017001273751157714
2015,barbitrt,-0.0021945313878134645
2016,urobiln,-0.01771370931200892
2017,bilirub,-0.01771370931200892
2018,chol,-0.08602051162905704
2019,try,0.04926530361720668
2020,etc,0.02868306886586351
2021,dysarthria,0.03876985428855739
2022,osa,0.011418755230694059
2023,nitrat,0.028426446540015672
2024,heard,0.008966584391186416
2025,gross,0.029249789313437087
2026,advair,0.01874893603812033
2027,bulk,-0.0049715524913009285
2028,traumat,-0.0017099764979504673
2029,freeca,0.012440475623114528
2030,impair,0.011341184419825586
2031,dermat,-0.015282759867892712
2032,fungal,0.03889577949320083
2033,neurontin,0.027900451344619357
2034,de,-0.044180380962507
2035,stemi,-0.0038473049885459454
2036,coil,0.016696958650360944
2037,evacu,0.016222110555823042
2038,character,-0.006382937542505889
2039,natur,0.04314878507567134
2040,written,0.012338136335866588
2041,might,9.804823946309776E-4
2042,length,-0.06412835343986423
2043,form,0.022487413159743216
2044,opiat,-0.02541463934304146
2045,imdur,-0.05073027940732025
2046,icteru,0.07834159058484003
2047,trachea,0.027252654366238863
2048,sick,-0.02923091630987287
2049,flap,-0.03491735545340945
2050,coagul,-0.014114195952235259
2051,femur,-0.004377746974112998
2052,epigastr,-0.059871658291216046
2053,hyperkalemia,0.014981669219227924
2054,gib,0.0014730181995412784
2055,bipolar,0.01245453150299791
2056,bph,0.05157729327253163
2057,member,0.036813365417796375
2058,pedi,0.025071661439277557
2059,ensur,-0.031983596635604634
2060,mixe,-0.014990542227490643
2061,valium,-0.02155170292273352
2062,patchi,-0.06670393353893354
2063,clonazepam,0.0052629451470024525
2064,wedg,-0.0028868944461653526
2065,lm,0.003869018205933192
2066,flora,0.017286815263611244
2067,interatri,-4.6557351035059566E-4
2068,across,0.028165848021082327
2069,hcp,0.03407975724369985
2070,trop,0.05092927198901269
2071,differ,0.01889562510959874
2072,altern,-0.04476692399056428
2073,retrocardiac,0.023887475735640245
2074,maxillari,0.008504024010672667
2075,sdh,0.01672688951557201
2076,verbal,-0.019323953456258963
2077,awai,-0.024934854245626838
2078,urgent,0.02728754129647502
2079,mastoid,0.03766505891331686
2080,chart,-0.013077521306801
2081,met,-0.01622866417550478
2082,cardiopulmonari,0.06951583155007839
2083,atherosclerot,-0.017909223499004694
2084,cardiovers,-0.004016802128344009
2085,pronat,0.006125600106845438
2086,dorsali,0.02578208751485119
2087,absent,0.05708896858185728
2088,cholecalciferol,-0.06642528656561864
2089,deviat,0.04938854625650039
2090,emboli,-0.024343213937820622
2091,dx,0.03015609043288428
2092,clostridium,0.026011796686134778
2093,xrt,-0.013670325434691965
2094,recal,0.012410303977912512
2095,top,0.0024289635901547624
2096,sternotomi,-0.012001566051023645
2097,erythromycin,-0.028964000107383456
2098,ronchi,0.03841608464801997
2099,trf,-0.02099747783611901
2100,acyclovir,0.00870263483442846
2101,lp,-0.0055465251124510746
2102,intraventricular,-0.010450105380020922
2103,wide,-0.010430164687369299
2104,fixat,-0.022157623891074587
2105,mucos,-0.011285123037964653
2106,echocardiograph,0.019302725771946336
2107,endors,0.017380694745867283
2108,video,0.008151468303642256
2109,hysterectomi,-0.015488410411301747
2110,meet,-0.0347536557485656
2111,bridg,0.02894915210689883
2112,talk,-0.007748753955412319
2113,resid,0.04918744158496714
2114,endoscop,0.028077645994155576
2115,hiatal,-5.435617586825939E-4
2116,canal,-0.00604983736391673
2117,poorli,0.08853878180462217
2118,qtc,0.023186805768048623
2119,cmv,-7.55615393356192E-4
2120,dinner,-0.02426108001318704
2121,intraparenchym,-0.0037136045926095176
2122,mic,0.014624236468419254
2123,supplem,-0.017621633383997713
2124,green,0.049801940429847556
2125,af,-0.005741629869174174
2126,seroquel,0.007235533721742333
2127,diminish,-0.0029324716871565373
2128,asdir,-0.002827141049309399
2129,hemispher,-0.007171528969095363
2130,hydroxid,0.05339803684525594
2131,death,0.06621936384915743
2132,arrhythmia,0.0017877282364346112
2133,hep,0.04366350985704721
2134,epinephrin,0.02336534487630717
2135,synthroid,0.04517722861992223
2136,hyperglycemia,-0.018461168506278373
2137,docum,-0.040446463558588726
2138,desatur,0.02718877223917691
2139,window,0.010338302433225822
2140,afternoon,0.009152090382252974
2141,ppx,0.046769346511272146
2142,ue,-0.0373973901408317
2143,relief,0.002187720672867992
2144,cold,0.03473683084912192
2145,temporari,-0.01428999505037994
2146,normocephal,0.0076922035855387545
2147,think,0.0017304709622239264
2148,gland,0.02645694210099756
2149,contract,0.030478358024647427
2150,coffe,-3.604807902354296E-7
2151,friend,0.02900905472546419
2152,enoxaparin,-0.026959717734287087
2153,ciwa,0.023602664444153022
2154,respir,0.03200018677391191
2155,precaut,0.024132111240178878
2156,intubat,-0.02976526793882825
2157,tini,-0.02379051406023275
2158,explain,-0.014250347880516025
2159,distribut,0.02099622695952073
2160,caltibc,-0.01808086794456255
2161,lethargi,0.04706738879789169
2162,car,-0.04597789019000711
2163,urgenc,0.03984984004996069
2164,verapamil,-0.004470295851313758
2165,microbiologi,0.008331097936258247
2166,rigid,-0.020294623073375536
2167,incid,0.012132283188086854
2168,especi,-0.03499206194971057
2169,cefazolin,0.0024117032627158173
2170,mention,-0.030509463360189143
2171,dear,-0.03447472246407024
2172,cocci,-0.021985175030427226
2173,tobramycin,0.02085659422361962
2174,bear,-0.039690121289569266
2175,flank,0.01996606409487358
2176,rigor,0.0019405834933808536
2177,agr,0.042932423928888463
2178,pacu,0.060944427722445994
2179,avf,-0.04647756390649285
2180,nab,-0.028626643406508393
2181,thoracentesi,-0.06321587041516909
2182,disloc,-0.01578486950963036
2183,tamsulosin,-0.01622046194501676
2184,gallston,0.046201223038346576
2185,fatti,0.040999922302153775
2186,sore,-0.060381264676185674
2187,endocrin,-0.0073919848744445835
2188,sl,0.009115955909911886
2189,sertralin,2.662073746894387E-4
2190,unlabor,-0.009786996467762488
2191,strand,-0.04567869247234583
2192,sometim,-0.05084525581760864
2193,oxacillin,0.032317318836780254
2194,orbit,0.00330343900621344
2195,sharp,0.016930436527069315
2196,paracentesi,0.003826179505558498
2197,alreadi,0.034280921858435745
2198,pan,-0.02525567690938657
2199,background,-0.03075704371636801
2200,ip,0.039465608058853095
2201,hemorrhoid,-0.0044168117584845274
2202,outpt,-7.525143135042094E-4
2203,scleral,0.019682542143814877
2204,agent,0.002853462611335098
2205,sacral,-0.00876205393914762
2206,oncologist,-6.765899662498911E-5
2207,prosthesi,-0.01013970475214513
2208,tracheal,0.02867822419643349
2209,ma,0.004077963795507388
2210,sheath,-0.006589068884082431
2211,ivdu,0.021476767012276136
2212,demand,0.010794603512213197
2213,nsaid,-0.015330549125277397
2214,cvicu,-0.023996485395149193
2215,leukocyt,0.020864588103055106
2216,breakfast,-0.03418396876166288
2217,soon,0.009504115152039925
2218,necrosi,0.010171734877987284
2219,doubl,0.050170286959957504
2220,uncertain,0.028198997189875764
2221,necrot,0.010852669975483016
2222,cross,-0.08338459322352026
2223,embolu,-0.08923047845577456
2224,nicotin,-0.026208471545662696
2225,rhinorrhea,-0.003750688369120977
2226,valsartan,-0.0024513615935247667
2227,tachypn,0.02753344624646051
2228,toilet,-0.005655788145828168
2229,pedal,0.04967340597141431
2230,hard,0.07086770121574903
2231,limb,0.04562806195731887
2232,attenu,-0.03776525023297921
2233,influenza,-0.030348111363055222
2234,seek,0.03496791594429067
2235,rll,0.0022952482840196404
2236,barbitr,-0.04465152993976092
2237,bnzodzp,-0.04465152993976092
2238,adenocarcinoma,-0.009900547156674116
2239,blockad,-0.1069659884615797
2240,prepar,0.028790518558325047
2241,scoliosi,-0.01691794196750518
2242,rec,-0.038774125153399924
2243,aaa,-0.005308676390224541
2244,rue,-0.04817667268727278
2245,optim,-0.09232523643048332
2246,lll,-0.015560920571222003
2247,word,0.014022214033398681
2248,bag,0.04091107916939812
2249,wish,-0.07290987393468018
2250,dental,-0.009372880924947258
2251,poli,-0.025062492332782568
2252,vii,0.06242945989333017
2253,decompress,-0.019123375969305113
2254,stimuli,-0.05683284435523176
2255,pmi,0.001047460890644597
2256,triglyc,0.005784384863924968
2257,cholang,-0.016432323706917027
2258,excis,0.02358318776435957
2259,lvh,0.09192412696310848
2260,migrain,-0.05890952676396474
2261,random,-0.005407884874688733
2262,anastomosi,0.029977308117146453
2263,admiss,0.08902067675478513
2264,spectrum,-0.015415954439946008
2265,mediastinum,0.041623009094105
2266,late,0.007226310748636645
2267,zantac,0.01677856041172629
2268,abil,0.04467948956295849
2269,ring,-0.04793025990991923
2270,sm,0.0214015922337226
2271,tox,-0.07176382578371142
2272,thereaft,0.02313376913959146
2273,la,0.025801156280720876
2274,coars,0.034810263977254625
2275,wet,0.02681518610794764
2276,probnp,0.052370726554288004
2277,keflex,-0.06909474524758467
2278,nifedipin,0.0430407589983036
2279,suffer,-0.017352866366552012
2280,sulfonamid,-0.03435487723500151
2281,pcwp,0.009450729449894271
2282,strictur,-0.0015618242397164178
2283,vehicl,0.013249710096532578
2284,glaucoma,-0.043666490879192846
2285,wai,0.04151437700812504
2286,reglan,0.026011769471337924
2287,cri,-0.006686800647064181
2288,awar,0.048899195528310305
2289,decadron,-0.004733422920696593
2290,heel,-0.006690378252679969
2291,kub,-0.017976840574514926
2292,troubl,0.07448436984509038
2293,wwp,-0.028218868946413858
2294,reciev,0.024724166074882613
2295,tonsillectomi,-0.048920581996368534
2296,iodin,-6.867363362068361E-4
2297,losartan,0.04120927915368995
2298,ferritn,-0.0012292820560837355
2299,nonspecif,-0.013559692419277514
2300,synephrin,0.02503187916264042
2301,metal,0.018439262292099586
2302,ileostomi,0.0023809343846697083
2303,levo,-5.240052679991073E-4
2304,ileu,-0.038469171946339656
2305,locul,0.005626131420549419
2306,coupl,-0.04057620106268452
2307,incision,-0.07200376816031484
2308,pravastatin,0.004657561588846997
2309,decompens,0.04051976126876589
2310,clearanc,-0.03309395499652729
2311,alkalin,-0.013524838451272208
2312,milk,-0.11692497257426053
2313,celexa,0.04385819844015716
2314,benadryl,-0.001998447471465907
2315,comprehens,0.04995097230389619
2316,chemo,-0.006335761368769949
2317,mening,0.02570679973347328
2318,angl,0.07252733947588179
2319,legionella,-0.024893683618127962
2320,nodular,0.0027708116804590266
2321,wk,0.030912003076816994
2322,ett,-0.09517834204907158
2323,dosag,-0.0037512012489763413
2324,tx,0.014340687164336147
2325,ruptur,0.004341583784527384
2326,standpoint,0.02868921485703999
2327,lue,-0.02568736951246331
2328,qt,-0.010034615627379291
2329,gave,-0.04057732059794918
2330,approv,0.0031276766342337075
2331,suppli,-0.022873039999801
2332,rather,-0.005955759074096215
2333,cool,-0.02479710953456822
2334,pylori,-0.02474508456939772
2335,sulci,0.01044793505444037
2336,swab,-0.01663060984493799
2337,collater,0.02112174430096429
2338,substanc,0.020870092602292455
2339,sah,-0.02492264841835285
2340,hepatosplenomegali,-0.04314190738249037
2341,lispro,0.03525808195981717
2342,option,0.0029458835954846723
2343,phosphatas,-0.012086995904543797
2344,exposur,0.02574543498193475
2345,igg,-0.011374190211645834
2346,viii,0.0287755940911681
2347,zocor,0.04318518477040613
2348,bundl,-0.014516689846023667
2349,object,0.015390522807786512
2350,thyromegali,-9.635220094861887E-4
2351,combiv,0.03134428781363316
2352,fingerstick,-0.010394683469043544
2353,basi,0.08220222723070618
2354,tape,0.022375443748565534
2355,extravas,-0.00289388757968154
2356,pmn,-0.002122619512285435
2357,incident,-0.023879501373644463
2358,seat,-0.0705159305493673
2359,habit,-0.04188455306171164
2360,incent,0.011746913068673164
2361,concentr,0.06748676851975154
2362,spars,0.02810500425989638
2363,pericardium,0.027302762845586578
2364,ih,0.014047594912467877
2365,downgo,0.040570750143523876
2366,cholelithiasi,0.007932210100863047
2367,nadolol,0.028004602144084456
2368,mostli,-0.032391413662062774
2369,beer,-0.05987430495511639
2370,sao,0.014120572428285273
2371,select,0.07254404760225962
2372,vasculatur,-0.07039438219698803
2373,antihypertens,-0.07147587804786025
2374,torsemid,0.018804965516562203
2375,straw,-0.03212978004461655
2376,mssa,-0.019461019989318915
2377,advil,-0.046418279960763836
2378,instead,0.04591845873208232
2379,orif,-0.030888993245405037
2380,unev,0.009913259330108167
2381,nocturn,0.03728584881856001
2382,adher,0.10024118989048894
2383,numer,-0.0027920549424403167
2384,tachi,0.04404833184632559
2385,actual,0.05941003427902153
2386,atraumat,-0.05504776687251423
2387,particularli,-0.035794394450127706
2388,ortho,0.006687276201146888
2389,thrill,-0.0427141561952702
2390,ttp,0.023220693915945993
2391,oil,0.007230391027206288
2392,revis,-0.017637289582253576
2393,easili,0.04738847967292543
2394,ambien,0.009168024915854736
2395,fact,-0.05481128455979096
2396,fem,0.0025217403676103182
2397,rotat,-0.09435519561312579
2398,glucon,0.0745426455355183
2399,milrinon,0.03943572009812729
2400,cbd,-0.022765498378816716
2401,tap,-0.06303236234731766
2402,patholog,0.002472005488971175
2403,card,-0.039270160656830685
2404,brown,0.030010957781356165
2405,shortli,-0.00467382588914965
2406,loc,-0.09792215407643735
2407,piggyback,0.04255864587013755
2408,mononitr,0.023784434258220372
2409,fibrosi,-0.015368155093014596
2410,project,0.04310211874947512
2411,tpa,0.017392305933165295
2412,cardiomediastin,-0.045670853221346765
2413,enough,0.03213688283360608
2414,bb,-0.010172966091774562
2415,sampl,0.06996088479993993
2416,panel,0.03360910495599142
2417,contamin,-0.04543313641952014
2418,acetmnp,-0.06692850236007435
2419,buttock,0.011829619261736502
2420,gastroenterologi,0.02704697001830936
2421,inh,0.007341242027786624
2422,ot,-0.027991482391515388
2423,exud,-0.04197977756706588
2424,tachypnea,0.013241080291999902
2425,upright,-0.014357349794322632
2426,pad,-0.053490928462827575
2427,cystic,0.010778307283385243
2428,higher,-0.02040318531516414
2429,cat,-0.028262842447780937
2430,pole,0.008788888908177406
2431,faxe,0.07672455138736137
2432,suspicion,0.03671802891511401
2433,transport,-0.049507720375899754
2434,calchct,0.031398359933154055
2435,pursu,-0.0048909528235885425
2436,fluoxetin,0.01334815577703717
2437,amoxicillin,0.004360819266398241
2438,miss,0.009167093610179016
2439,quetiapin,0.040902203986576915
2440,erythemat,0.01046269368529871
2441,subacut,-0.008725394297057862
2442,electrophysiologi,0.0012449682882513574
2443,veri,0.0012225078167652347
2444,ramu,-0.01935234066031566
2445,plantar,-0.00953840722115054
2446,paranas,2.107669230898939E-4
2447,sternum,0.05396656417228294
2448,counter,0.005100052046288783
2449,understand,0.03900813216001321
2450,expiratori,0.003949618799158003
2451,serologi,-0.0021776595553140996
2452,ml,-0.030450063166481824
2453,ix,0.06812002696069269
2454,arthralgia,-0.05350736596349603
2455,intox,0.05991399885667385
2456,nephropathi,0.020294116317345446
2457,turn,-0.03828050850800004
2458,colostomi,0.03700824585705747
2459,solumedrol,0.05420342253616359
2460,purul,0.005311707929508405
2461,gastrostomi,0.024342276858806387
2462,oxycontin,0.01704129451119504
2463,burn,0.020204340743578617
2464,ventral,0.03173845022706554
2465,attach,0.05984690297138946
2466,aphasia,-0.06105291479618135
2467,trigger,0.06152346764504648
2468,reconstruct,-0.033470526848503254
2469,edg,-0.04130895704568423
2470,hyperdens,-0.06470376977574561
2471,radiologist,0.006643891905046114
2472,memori,-0.05239804665814845
2473,cont,-0.021676471773314516
2474,directli,-0.07833619077900827
2475,urosepsi,-0.013760835779702978
2476,estgfr,0.004862160776399909
2477,melanoma,-0.02991767573332203
2478,xanthoma,0.03276314724147615
2479,saturdai,0.06579970105386126
2480,acetmnphn,-0.04463291251288861
2481,ratio,0.012866639081536659
2482,eom,0.025946278196436124
2483,kyphosi,0.023544144671164346
2484,trough,-0.02501840251092229
2485,oropharyng,0.023750686817245528
2486,swan,0.04206655258277776
2487,whole,0.009209678263369329
2488,surfac,-0.030652629721202494
2489,asterixi,0.0832657548518424
2490,explor,0.0195195385542961
2491,slur,-3.1420126594903955E-4
2492,featur,-0.017894163321292757
2493,lip,0.04451317419256123
2494,said,0.02368046124540027
2495,bronchial,0.032714874131986316
2496,acet,0.03587352774466951
2497,br,1.2281700667015145E-5
2498,brace,-0.03447817500204396
2499,coat,-0.021798266913423705
2500,extr,-0.008266309639456708
2501,colchicin,0.025018060364654107
2502,separ,0.031115533810059774
2503,sem,0.10604205274200251
2504,ascorb,-0.02743111738010176
2505,conduct,0.0055475645254554964
2506,irrit,-0.028730653176010906
2507,repetit,9.966005706098504E-4
2508,regul,-0.019446794688133002
2509,atn,-0.021042008664050555
2510,transamin,-0.04220833017314412
2511,decubitu,0.02018481972929519
2512,lymphocyt,0.006123843078424685
2513,vicodin,-0.046124430700815525
2514,aaox,0.0037770677525527465
2515,french,-0.0068232305347844325
2516,stimul,0.04253979878146822
2517,metastas,0.0612325543010074
2518,intercost,0.013376011812968614
2519,wit,-0.07155599209857401
2520,ondansetron,-0.04033601371857106
2521,travel,-0.07992948074818472
2522,guaifenesin,0.04325478506664163
2523,implant,0.0010269822922975103
2524,machin,0.028749776935001758
2525,foramen,-0.06981456459453185
2526,wake,-0.045159485648259536
2527,tomorrow,2.2673825805550208E-5
2528,watch,-0.052060310651238555
2529,f,0.021127895985731115
2530,unstabl,0.0590348184039333
2531,csru,0.06099889960676623
2532,zolpidem,-0.014504995293695366
2533,lg,-0.03197540761620703
2534,strep,-0.04201548853624785
2535,linear,-0.034929859715708604
2536,pmhx,-0.06836425863013172
2537,bronchu,0.032734803200656325
2538,great,0.05585153818219035
2539,tacrolimu,7.598763143916309E-4
2540,vre,0.01483257647105418
2541,layer,0.033681340924695546
2542,asd,0.08090176220620393
2543,squamou,-8.875166311972546E-4
2544,respect,0.03897196709805524
2545,fragment,0.023384403803472065
2546,rose,0.043406548161668446
2547,tidal,0.023299907238963607
2548,skull,0.048254562786816
2549,metastasi,0.0031192892109722214
2550,steri,-0.009369070757883253
2551,pure,0.03805150650108455
2552,twenti,-0.031904751659713744
2553,hypernatremia,-6.321807650198907E-4
2554,leni,-0.023198414511264576
2555,balanc,0.019639053582367273
2556,osmol,-0.0017809026145734733
2557,mucu,-0.005040768946442564
2558,border,0.017836860574262797
2559,sx,-0.028119961356362452
2560,amp,-0.0298440341572115
2561,elbow,-4.4751820888643023E-4
2562,dens,-0.07374346213245907
2563,vagin,-0.08242480213017409
2564,cut,-0.012420643825630502
2565,glycol,0.03875113347245301
2566,ostial,-0.0026191529449094116
2567,superimpos,0.011817051431406147
2568,jaw,-0.01572470774700904
2569,carina,-0.0027476826909190693
2570,effort,-0.09153204622154346
2571,augmentin,-0.006433322667834647
2572,push,0.0451586376608716
2573,prompt,-0.03994277907010529
2574,pictur,-0.0011044118037465288
2575,gaze,-0.06774133447351326
2576,flexion,-0.043486853975558966
2577,parkinson,-0.012108342265870195
2578,achiev,-0.08365203681767465
2579,cor,-0.009485863160156158
2580,atrophi,-0.023798031808325487
2581,neutrophil,0.05233596890507373
2582,discret,-0.0270603871618309
2583,extract,-0.006946964408545506
2584,laminectomi,0.020755979549745576
2585,hypovolemia,-0.10586988596154571
2586,viru,0.03188525669699465
2587,anxiou,0.03991566167712134
2588,incomplet,0.029820263785890956
2589,angiograph,-0.023734343965750127
2590,allerg,0.005667651205860009
2591,polymorphonuclear,0.010738716882480596
2592,cortic,0.03677931246010953
2593,fixe,0.036536601696207927
2594,igm,0.01807540551893306
2595,palp,0.023702621905528506
2596,cpb,-0.061443163884940324
2597,contraind,0.06762030227762555
2598,cuff,-0.019494050621715983
2599,dtr,0.0011648551969878815
2600,hydrocortison,0.04889937990067474
2601,acei,0.06064266772008733
2602,steril,-0.005997883105602901
2603,clamp,-0.005530514793768104
2604,crohn,0.007747452577410789
2605,specialti,-0.01772900907153736
2606,analges,0.0386419490602471
2607,maximum,-0.06518397436759955
2608,smr,0.043452054262481624
2609,bruis,-0.048320479246366996
2610,error,0.04475522323447024
2611,extent,-0.018205344567613958
2612,bl,0.0457230048588408
2613,date,-0.07643346346806806
2614,parent,-0.1174478763213735
2615,rt,0.0024447578275258956
2616,ingest,-0.014867450943930691
2617,revascular,-0.13029129780454035
2618,voltag,-0.026563604493777215
2619,smaller,-0.0466045968578225
2620,presyncop,-0.029280037926149614
2621,wine,-0.04155594128046878
2622,lost,0.03904596749566291
2623,homecar,0.05595008319527347
2624,heterogen,-0.02767775738585216
2625,criteria,-0.011586724697796856
2626,bnp,0.01928500051543178
2627,pseudoaneurysm,-0.006265505975080454
2628,substern,0.02375176572028221
2629,hazi,-0.04900759376552361
2630,mrg,-0.037689961189272016
2631,await,-0.02526534894515563
2632,boni,0.054315558586144626
2633,octreotid,0.04277356883732083
2634,unasyn,-0.012496431175602625
2635,bicep,0.06070256800668408
2636,pale,0.1079062291968755
2637,psh,-0.09377823150743216
2638,hypercarb,0.04019744245724554
2639,calhco,-0.0254211967559789
2640,ecchymosi,-0.027567327828703345
2641,nf,-0.027218845560508714
2642,ldl,-0.09665706230046638
2643,bend,0.06275532282260006
2644,sentenc,-0.016653249283250866
2645,deceas,0.033348687686117706
2646,diovan,0.0016980568755826937
2647,coagulopathi,0.052850997789218375
2648,approx,0.009653922132429072
2649,recheck,-0.0063683186032061755
2650,morbid,0.002908169755671452
2651,ketoacidosi,0.04044036839886737
2652,lytic,0.048470722084916165
2653,tire,0.021938164610196667
2654,bal,-0.050244682841687385
2655,sevelam,0.03630687904158374
2656,tiotropium,0.0020735977873923986
2657,olanzapin,0.07949548916374388
2658,brisk,-0.03361487368143616
2659,supin,-0.0920743099228874
2660,cytologi,0.05642893227344913
2661,child,0.06518367998852712
2662,fair,-0.019706908492064964
2663,calib,-0.047214891720979604
2664,sq,-0.004565208043170654
2665,map,-0.03636216164749778
2666,palli,-0.10921085808832891
2667,sulfamethoxazol,0.04898689197434739
2668,certifi,-0.03291625232820197
2669,standard,0.07687935255889453
2670,lvot,-0.029675345794597137
2671,pair,-0.04101316659349866
2672,forearm,-0.024297071794932977
2673,ductal,-0.017190016767473615
2674,neurologist,-0.015121378986892366
2675,comminut,0.013774122164813133
2676,program,0.036076364429713195
2677,gastroparesi,0.03421582403923329
2678,invers,-0.022136332787407616
2679,nephrectomi,0.03543089705705337
2680,methicillin,0.023139975989738024
2681,aerat,0.07173968042359838
2682,often,0.02843691058263788
2683,neurosurg,-0.06840228419046335
2684,goe,-0.043971158353669014
2685,hld,0.010498404190966813
2686,larger,0.054335019956930915
2687,cistern,0.010429366454589053
2688,np,0.06209896104273293
2689,massiv,0.02421563188702852
2690,fine,-0.0776089428629905
2691,anyth,-0.027529413220092846
2692,omr,0.05389932669767261
2693,intuba,-0.011286067688026421
2694,ex,-0.026412694705624577
2695,intrahepat,-0.005964478337644942
2696,et,0.0015717922062056958
2697,hcfa,-0.019049900461861596
2698,epileptiform,0.023122067614493463
2699,hematochezia,-0.08660858653524083
2700,polyethylen,0.01634134622529628
2701,eros,-0.01548000528229172
2702,sundai,-0.01382856692726902
2703,accompani,0.007172175409571121
2704,typic,0.02264692440885717
2705,flovent,-6.180075370172421E-5
2706,regularli,0.01271723209596619
2707,seriou,8.419299852639144E-4
2708,mvr,-0.02206505373946426
2709,coagulas,0.015355259257231111
2710,epitheli,-0.04755831629244559
2711,ovarian,-0.015713341130625922
2712,phenylephrin,-0.04828465636018449
2713,normotens,0.03664892956294745
2714,dextros,-0.13953457056501206
2715,tb,0.03250520631773909
2716,supratherapeut,-0.049621604456006004
2717,sphenoid,-0.032697699852325214
2718,crp,-0.007910424330359512
2719,rn,-0.0057297330361506665
2720,disabl,-0.0053129335624293285
2721,cluster,-0.029361710821291555
2722,hemiparesi,0.021387360433557105
2723,healthcar,-0.05200896839920731
2724,escherichia,0.04626171933598899
2725,seri,-0.021274083595333414
2726,plasma,-0.03895709861658417
2727,mirtazapin,-0.01349979709125999
2728,accordingli,0.030908972773545904
2729,adl,0.02053829623007516
2730,fossa,0.022490084141346407
2731,stat,-0.0015797661277752281
2732,tm,-0.004173321248078155
2733,nephrostomi,-0.009697709416044285
2734,applic,-0.10371949574922194
2735,track,-0.09845949222816659
2736,splenomegali,0.005076852827006685
2737,elong,0.07879464336410272
2738,gc,-0.06989466118144977
2739,multifactori,0.08048125199542
2740,diazepam,-0.0016746128558284973
2741,noxiou,-9.515680893975893E-4
2742,machineri,-0.014418608633810812
2743,unsuccess,0.018034407479409098
2744,ntg,0.022886913804708822
2745,forward,-0.0076528230190048745
2746,euvolem,0.07950258650404639
2747,session,0.005080478512791511
2748,preren,-0.008250285669488112
2749,metoclopramid,0.0961352875765455
2750,flomax,-0.05812809895015002
2751,effac,0.04394449047906185
2752,burst,0.07030035758750765
2753,lyt,0.017193010970269894
2754,heroin,0.06732015533137838
2755,predominantli,-0.09436726509451739
2756,scope,0.051493255071104
2757,cvl,0.02474360621443771
2758,sludg,0.006009608382745671
2759,mdi,-0.0656718278280313
2760,dispo,0.1056909745829877
2761,distens,-0.10411812669776568
2762,max,0.009391505429566118
2763,echocardiographi,0.026354012508845993
2764,zoloft,-0.0808409300065433
2765,fibrino,0.023212780557422513
2766,aldacton,0.007081115793945814
2767,esr,-0.04271460397894716
2768,scalp,-0.03601474491473197
2769,squeez,-0.06032906153866146
2770,confront,-0.03438618479792722
2771,rapidli,0.03475422526205409
2772,act,-0.04173281359489129
2773,ce,-0.034329899841880694
2774,compromis,0.05428821764853025
2775,fev,0.014131780791804886
2776,vocal,0.029020543670875948
2777,shin,0.011384266678638927
2778,visibl,0.008440391366829758
2779,microcyt,0.025391414483603936
2780,cardiogen,-0.0205074120329904
2781,macrocyt,-0.052948449056078206
2782,produc,-0.0012780245462281107
2783,redo,-0.014647052426660874
2784,iabp,0.0077679213005121045
2785,lipid,-0.050087040601739324
2786,let,0.03711934397431779
2787,morphologi,-0.05152831352910985
2788,avm,-0.03058103689281995
2789,lobectomi,-0.030996576693605647
2790,alwai,0.10213462216000972
2791,lithium,-0.010756350744590174
2792,growe,-0.005183161101465919
2793,bcx,0.04761637138415241
2794,remark,0.056836351381591134
2795,benzodiazepin,0.0014371987843920428
2796,otc,-0.07089031512220123
2797,bump,0.05600408302582137
2798,bathroom,-0.05832524416176783
2799,microorgan,-0.003984809608029882
2800,mibi,0.036259442337921846
2801,pigtail,-0.0038799022720152378
2802,tub,0.06991383475673968
2803,infant,-0.03206685237997988
2804,cortisol,0.004403070883464904
2805,aox,-0.01052344887041722
2806,atropin,-0.07012250050096853
2807,needl,-0.027389441830891627
2808,mthdone,0.05402736317656566
2809,clearli,-0.04066916355520881
2810,rd,0.027184342729025365
2811,target,0.014469216613951785
2812,flight,0.03743430511702567
2813,cerebrovascular,-0.06425302525027347
2814,suppress,0.014369976173104019
2815,pneumon,-0.009150317220740733
2816,excel,-0.03191065676124544
2817,score,-0.048357428720472675
2818,uop,0.0077580548101268835
2819,defin,0.0034894115031977695
2820,malais,-0.15433664884956946
2821,yet,0.03768653803196164
2822,ucx,0.07885898090008796
2823,ldlcalc,0.009494746297187807
2824,avl,-0.007059287844955524
2825,pf,0.004438524402814284
2826,vena,0.0574362817572102
2827,plug,-0.02259090474321613
2828,orthostat,-0.046860383810996074
2829,tomographi,0.001619756064476919
2830,dulcolax,0.010245334458819597
2831,worker,0.03343897444660374
2832,fourth,0.040163851500379835
2833,brachial,0.004853135738662083
2834,lap,-0.04599504942004088
2835,thrombectomi,0.008376045928162304
2836,warrant,-0.01375528711220665
2837,zinc,0.040288416001771986
2838,ganglia,-0.09990452804010018
2839,format,-0.07744493067827936
2840,proce,-0.004480255035863086
2841,epicardi,0.011881742535017892
2842,uptitr,0.023101061849535448
2843,zyprexa,-0.018688725230530365
2844,hallucin,0.00471136934494684
2845,peri,-0.06342310934202754
2846,ooz,0.05535672432096739
2847,itch,-0.004376636708134522
2848,trapeziu,-0.04615517284584058
2849,compazin,0.014049262454491467
2850,ptx,-0.03197857651766165
2851,twi,-0.002563557093318711
2852,sucralf,0.009293579272627016
2853,strong,-0.08294453066234439
2854,indetermin,0.02822241639267015
2855,tc,0.01620113641137348
2856,hsv,-0.012400864057823462
2857,reintub,0.031139782330821306
2858,baclofen,0.03851092881349712
2859,adenoma,0.03559587912136947
2860,consent,0.050045622257995456
2861,ngtd,0.0063278273276287066
2862,thoracotomi,0.04327128069702459
2863,anterolater,0.052678166546633036
2864,xanthalesma,-0.06766797914785933
2865,celiac,-0.0036694652528843287
2866,cea,-0.02681313258544182
2867,fascicul,-0.04871707046646223
2868,sphincterotomi,-0.047278309449841995
2869,approach,0.02362119558297375
2870,hardwar,-0.03450079146971522
2871,minor,0.0165892623107826
2872,sternocleidomastoid,0.07881472399247033
2873,adenopathi,0.03926688523144051
2874,suscept,-0.041858352562839776
2875,bifurc,-0.02543540182062357
2876,maleat,0.05621755282364981
2877,nephrologi,-0.022416694651252015
2878,en,0.023582736675950042
2879,bronch,-0.019653201438046927
2880,nephrocap,0.03806894764319582
2881,damag,0.023966063213551117
2882,abras,-0.031781819723872465
2883,almost,0.08445187614498409
2884,unfortun,0.03240816631742746
2885,svt,-0.013177818669616169
2886,enalapril,-0.012156752563799812
2887,tell,-0.027504254412236966
2888,tazo,-0.003232408308828088
2889,vitb,-0.0655918386694636
2890,subsegment,-0.06283337492722701
2891,cyanocobalamin,0.01692667602668642
2892,context,-0.08848636110348493
2893,divis,0.0671316403256234
2894,weekend,0.0626466612213679
2895,pft,0.020718138045454557
2896,washout,0.03494114659277865
2897,posteriorli,-0.04237866406493962
2898,pu,0.003758657630574668
2899,barium,-0.029696454428574635
2900,neglect,0.025846551960392768
2901,habitu,-0.04487371489202883
2902,cypher,-0.03983637955412932
2903,far,-0.04232595327550212
2904,drowsi,0.01999876666765051
2905,bare,0.023910844469324077
2906,nh,0.022279256530729714
2907,hemolysi,-0.03874587440918659
2908,uncompl,0.04126516971809701
2909,duplex,0.032597181167149374
2910,empti,0.02122719007466928
2911,ecchymos,0.001430804876915991
2912,midclavicular,0.019489490418745634
2913,bradycard,0.012493227896555123
2914,pet,0.0068921962694900975
2915,abdomini,-0.09852562284468318
2916,tripl,0.0021966389932857153
2917,ama,0.06640140932100441
2918,flash,0.08315578303385734
2919,supraclavicular,0.0013184538166614783
2920,sleepi,0.08385125852219626
2921,psychiatrist,0.008743741846005286
2922,cerebrospin,-0.03400204177823282
2923,widow,-0.010787404638886194
2924,spasm,0.03352385464436849
2925,tbili,0.017035953373803
2926,firm,0.05412406942332222
2927,con,0.03416646891041045
2928,aeruginosa,-0.01232317439674029
2929,nitrogen,-0.015484005210966954
2930,jet,0.10602477270816833
2931,cellcept,0.09859351888176124
2932,echogen,0.006957003693802051
2933,hemidiaphragm,0.050435881849285255
2934,orthopaed,-0.01088687136013481
2935,proxi,0.012737244601968649
2936,fish,0.067214584019728
2937,cortsol,0.05067917005858487
2938,prefer,0.07599895134405348
2939,widen,0.0775403631220147
2940,fresh,-0.07421128466597227
2941,wdwn,-0.12492202675958403
2942,lnc,-0.006054488836528039
2943,zestril,0.06283198925899104
2944,conserv,-0.08731350581573163
2945,multi,-0.04604135062395615
2946,rifaximin,0.04759997099562349
2947,flexibl,0.014735311831976461
2948,unusu,-0.050367008083195434
2949,perman,-0.050629023982574406
2950,tetracyclin,-0.057066756167210686
2951,obscur,-0.09768670763066513
2952,nephrolithiasi,-0.013552930685541514
2953,fecal,-0.023364400168117715
2954,ligat,-0.02235997858486706
2955,ye,-0.03185776733648386
2956,rememb,-0.10231806089157072
2957,endarterectomi,-0.02456282846170066
2958,vers,-0.02036095701127941
2959,malform,0.01814214540215694
2960,thrush,-0.012934706167557902
2961,paraphas,0.041409019155346005
2962,toxicologi,-0.16867804063421438
2963,power,0.05612818558568384
2964,newli,0.01487651403178707
2965,splenectomi,-0.02871719946651675
2966,sclerosi,0.012440798702129802
2967,phase,0.043531749959125746
2968,epogen,0.07924805247183847
2969,nectar,0.004925642446907914
2970,angio,0.07251114620776175
2971,sulbactam,0.029195053885904043
2972,cnii,0.030153703680877806
2973,closer,-0.03233003156627237
2974,piv,-0.007799151867597611
2975,hemoglobin,-0.07158042587937884
2976,inotrop,-0.009231788499595963
2977,levoxyl,-0.0030802971727545763
2978,periop,0.012953825414149236
2979,instabl,0.04052826044803083
2980,calcul,-0.06183850677559229
2981,telephon,-0.02705368554505946
2982,irregularli,-0.022392439829276023
2983,rifampin,-0.007589739315909828
2984,mo,0.12082551871383537
2985,tree,-0.09729143515348158
2986,subtl,0.05548471267032842
2987,accept,-0.10187428141841472
2988,stem,0.06398116679879426
2989,salt,-0.01531617394162784
2990,behavior,0.0031732464308571345
2991,irrig,-0.049223138815410544
2992,pta,-0.04093492159511301
2993,vertigo,-0.04719329757280836
2994,ai,-0.14705655408602747
2995,subcort,-0.12146941326703052
2996,afterward,-0.04218237036546045
2997,pen,-0.013506717046597465
2998,magnesia,-0.10118348859481446
2999,ethmoid,-0.07676836097439899
